-- phpMyAdmin SQL Dump
-- version 5.1.1
-- https://www.phpmyadmin.net/
--
-- Servidor: 127.0.0.1
-- Tiempo de generación: 23-07-2024 a las 03:44:45
-- Versión del servidor: 10.4.22-MariaDB
-- Versión de PHP: 8.1.2

SET SQL_MODE = "NO_AUTO_VALUE_ON_ZERO";
START TRANSACTION;
SET time_zone = "+00:00";


/*!40101 SET @OLD_CHARACTER_SET_CLIENT=@@CHARACTER_SET_CLIENT */;
/*!40101 SET @OLD_CHARACTER_SET_RESULTS=@@CHARACTER_SET_RESULTS */;
/*!40101 SET @OLD_COLLATION_CONNECTION=@@COLLATION_CONNECTION */;
/*!40101 SET NAMES utf8mb4 */;

--
-- Base de datos: `observatoriodb`
--

-- --------------------------------------------------------

--
-- Estructura de tabla para la tabla `agenda`
--

CREATE TABLE `agenda` (
  `ID_agenda` int(11) NOT NULL,
  `descripcion` varchar(50) NOT NULL,
  `fecha` date NOT NULL,
  `hora` time NOT NULL
) ENGINE=InnoDB DEFAULT CHARSET=utf8;

-- --------------------------------------------------------

--
-- Estructura de tabla para la tabla `noticias`
--

CREATE TABLE `noticias` (
  `ID_noticias` int(11) NOT NULL,
  `titulo` varchar(150) NOT NULL,
  `seccion` int(11) NOT NULL,
  `fecha` date NOT NULL,
  `desarrollo` mediumtext NOT NULL,
  `imagen` varchar(150) NOT NULL
) ENGINE=InnoDB DEFAULT CHARSET=utf8;

--
-- Volcado de datos para la tabla `noticias`
--

INSERT INTO `noticias` (`ID_noticias`, `titulo`, `seccion`, `fecha`, `desarrollo`, `imagen`) VALUES
(1, 'El IPEC relevará a la población trans de Misiones', 1, '2021-02-23', 'El Observatorio de Violencia Familiar y de Género de Misiones, firmó hoy un inédito convenio con diversas organizaciones del Estado por el cual se relevará a la población trans de la provincia.<br>\r\nEn efecto, dicho operativo será realizado por y para personas travestis, transexuales y transgénero, \r\nbajo la coordinación del Instituto Provincial de Estadística y Censos (IPEC).<br>\r\nCon los datos que serán recolectados a partir de este trabajo, se espera conocer cómo vive la comunidad, a fin de diseñar e implementar políticas públicas que visibilicen e incluyan a sus miembros.<br>\r\nLa firma del convenio se llevó a cabo en la Casa de Gobierno, y contó con la participación del Gobernador, Oscar Herrera Ahuad; el ministro de Gobierno, Marcelo Pérez; la ministra de Trabajo, Silvana Giménez; la directora ejecutiva del IPEC, Silvana Dea Labat; y la rectora de la Universidad Popular de Misiones, Laura Traid.<br>\r\nRepresentantes de la comunidad trans celebraron el acuerdo, al tiempo que agradecieron a las organizaciones que apoyan la iniciativa, como también a la diputada nacional, Flavia Morales.', 'https://i.postimg.cc/gc186KQD/El-IPEC-relevar.jpg'),
(2, 'Día de la Eliminación de la Violencia contra la Mujer', 2, '2020-11-25', 'Cada 25 de noviembre se conmemora el Día Internacional de la Eliminación de la Violencia contra Mujeres. En este sentido, el Observatorio de Violencia Familiar y de Género, que fuera lanzado en septiembre de 2019,\n surge como respuesta a la crisis de violencia que viven niños, niñas y adolescentes; mujeres; adultos mayores; y personas del colectivo LGBTI.<br>\n La cantidad de femicidios y demás abusos contra estas personas es alarmante. Y, en este sentido, las estadísticas al respecto permite tomar mejores decisiones y saber hacia dónde orientar y aplicar las políticas públicas para prevenir y erradicar cualquier forma de violencia.<br>\n El objetivo básico del Observatorio es llegar antes de que sucedan los hechos lamentables que vivimos a diario. En síntesis, lo que se pretende es:<br><br>\n <ul class=\"texto_ext lista_org\"><li>Que las personas comprendan sus derechos (Ley Provincial XIV-Nº6)</li><li>Hacer extensivo todos los canales de denuncia disponibles</li><li>Propiciar maneras de salir del círculo de violencia con ayuda de personas </li><li>capacitadas en perspectiva de género (Ley Micaela 27.499)</li></ul>\n    <br><br> <p class=\"texto_ext\">Si bien el Instituto Provincial de Estadísticas y Censos (IPEC) trabaja con datos sobre violencias desde 2016, a partir de la creación del Observatorio se pone en funcionamiento una base de datos centralizada, con casos de toda la provincia.\n         Esto se realiza en colaboración con ministerios, organismos públicos, organizaciones no gubernamentales, universidades, entro otros.</p><br><br>\n<ul class=\"texto_ext lista_org\"><li>Gobierno de Misiones</li><li>Instituto Provincial de Estadísticas y Censos (IPEC)</li><li>Ministerio de Trabajo y Empleo</li><li>Ministerio de Desarrollo Social, la Mujer y la Juventud (Línea 102</li><li>Subsecretaría de Relaciones con la Comunidad y Violencia (Línea 137)</li><li>Subsecretaría de la Mujer y la Familia</li><li>Cámara de Representantes de la Provincia de Misiones</li><li>Poder Judicial de la Provincia de Misiones</li><li>Colegio de Psicólogos de Misiones</li><li>Colegio de Abogados de Misiones</li><li>Colectivo 108</li>\n</ul><br><br><b><a href=\"https://drive.google.com/file/d/1iHHOuVhazldVZa8ax-GncAWE4Sq59HvS/view?usp=sharing\">Material de capacitación en Ley Micaela</a></b>\n', 'https://i.postimg.cc/sDtmsz33/D-a-de-la-Eliminaci-n-de-la-Violencia-contra-la-Mujer.jpg'),
(3, 'Informe sobre violencia en Misiones • Línea 102 | Años 2018 y 2019', 3, '2021-03-31', 'En siguiente informe expone los resultados correspondientes a las <b>llamadas recibidas en la Línea 102</b>, correspondiente a denuncias de violencia en el ámbito familiar. Dichos registros corresponden a los años 2018 y 2019. <br><br>La información se presenta y se describe bajo el mismo orden de aparición de las variables del instrumento de recolección de datos.<br><br>Asimismo, este documento se encuadra bajo el <a href=\"index.php\">Observatorio de Violencia Familiar y de Género</a>, el cual tiene como objeto recolectar, procesar, analizar y difundir información sobre varios temas, entre los que se destacan casos de femicidio y trata de personas con fines de explotación sexual. <br><br>Por su parte, los resultados de estas observaciones procuran fomentar el diseño, implementación, monitoreo de políticas públicas tendientes a la identificación, tratamiento, prevención y erradicación de esta problemática. <br><br><a href=\"https://drive.google.com/file/d/1dhyppLF5J_T76vZDex8gN-CJ0u6-5HjQ/view?usp=sharing\">INFORME LÍNEA 102 • AÑOS 2018-2019</a>', 'https://i.postimg.cc/ZKLx1Mwq/IPEC-Misiones-Informe-Linea-102-Anos-2018-y-2019-1068x705.jpg'),
(4, 'Pastores de Garupá firman convenio con el Observatorio de Violencia Familiar y de Género de Misiones', 1, '2020-09-17', 'En el marco del <a href=\"index.php\">Observatorio de Violencia Familiar y de Género de Misiones</a>, el Instituto Provincial de Estadística y Censos (IPEC) firmó hoy un convenio de colaboración con el Consejo de Pastores de Garupá (CPG) con el fin de recolectar, registrar, analizar y difundir información sobre violencia familiar y de género en la provincia, incluyendo casos de femicidio y trata de mujeres, adolescentes y niñas.\n<i> “Hemos rubricado un acuerdo con los representantes de los pastores evangélicos de Garupá para intercambiar y colaborar en materia de conocimientos, experiencias y recursos económicos, técnicos, materiales y humanos” </i> , expresó al respecto la directora ejecutiva del IPEC, Silvana Dea Labat.<br><br>\nAsimismo, la funcionaria agregó que <i> “se implementará un sistema que permitirá cargar datos y procesarlos por medio de una plataforma tecnológica, para un posterior análisis y gestión de la información” </i>. <br><br>\nAdemás de Labat, participaron del acto el presidente del CPG, Ernesto Gonzalez Alanis; el vicepresidente del Concejo Deliberante de Garupá, Miguel Rauber; el representante de la Iglesia Asamblea de Dios (248), Ricardo Drewans; el pastor Rito Gómez Ferreira; el director de Prevención y Asistencia Interjurisdiccional de la Subsecretaría de Prevención, del Ministerio de Desarrollo Social, la Mujer y la Juventud, Nicolás Pintos; y Alejandra Sadaniowski, del equipo de especialistas de la Dirección de Prevención de la mencionada cartera. <br><br>\nEl Observatorio de Violencia Familiar y de Género desarrolla un sistema de información permanente que sirve para diseñar, implementar y monitorear políticas públicas. Su objetivo fundamental es la identificación, tratamiento integral, prevención y erradicación de la violencia familiar y de género.\n', 'https://i.postimg.cc/NFyr58n2/IPEC-Misiones-Convenio-con-el-Consejo-de-Pastores-de-Garup-1-1068x801.jpg'),
(5, 'Se firmó un convenio para luchar contra la violencia laboral en Misiones', 1, '2020-09-23', 'Hoy por la mañana, en el marco del Observatorio de Violencia Familiar y de Género, se firmó un convenio para el <b>tratamiento integral de violencia laboral</b> entre el Ministerio de Trabajo de Misiones (MTM), el Instituto de Previsión Social (IPS), y el Instituto Provincial de Estadística y Censos (IPEC). <br><br>\nDicho acuerdo tiene como finalidad la formulación e implementación de políticas públicas y estrategias tendientes a la<b> identificación y tratamiento integral de la problemática de violencia laboral</b>. También se estipuló la recopilación, registro, estudio, análisis y difusión de datos sobre casos de violencia en el ámbito laboral. <br><br>\nEn este sentido, el convenio reconoce el amplio beneficio de ambientes laborales saludables, basados en el respeto y el buen trato, a fin de <b>generar condiciones laborales adecuadas</b>. Asimismo, promueve la realización de capacitaciones, talleres de sensibilización y actividades tendientes a la transmisión de conocimiento. <br><br>\nEl acontecimiento tuvo lugar en el Ministerio de Trabajo. Participaron de la firma del convenio la ministra de Trabajo, Silvana Giménez; el presidente de IPS, Lisandro Benmaor; la directora ejecutiva del IPEC, Silvana Dea Labat; la coordinadora del Centro Psicosocial del IPS, Gabriela Oviedo; y la Lic. Leticia Fontana. <br><br>\nAl respecto, la ministra Giménez aseguró que “<i>vamos a trabajar de manera conjunta para prevenir, erradicar y sancionar la violencia laboral en todos los estamentos</i>”. <br><br>\nEn la misma línea, Labat señaló que “<i>detrás de los números hay personas, y cuando tuvimos por primera vez los datos sobre violencias, todos empezaron a asustarse, y a partir de entonces empezamos a hablar de violencia en Misiones</i>”. <br><br>\n', 'https://i.postimg.cc/9QY1ydf4/se-firmo-un-convenio.jpg'),
(6, 'Violencia familiar y de género en Misiones (Línea 137) | Año 2019', 3, '2020-07-23', 'En el marco del <a href=\"index.php\">Observatorio de Violencia Familiar y de Género  \nde Misiones</a>, el Instituto Provincial de Estadística y Censos (IPEC) presenta un  \nnuevo estudio sobre las intervenciones realizadas por el programa nacional  \n<b><i>Las Víctimas contra las Violencias – Línea 137</i></b>.\nLos datos corresponden al año 2019, y fueron suministrados por la Subsecretaría de  \nRelaciones con la Comunidad, del Ministerio de Gobierno de Misiones.\nEl informe presenta información de las localidades de <b>Eldorado, Garupá, Oberá y  \nPosadas</b>, entre las que se destacan los siguientes tópicos:\n<span class=\"texto_ext sub_ext\">Datos generales</span>\n<ul class= \"texto_ext lista_org\">\n<li>Se registraron 2623 intervenciones telefónicas en 2019;</li>\n<li>El 75,0% de ellas fue por violencia familiar;</li>\n<li>El 32,6% de las intervenciones tuvo prioridad \"alta\", y el 7,3% como \"muy  \nalta\";</li>\n<li>Según el tipo de violencia, la psicológica es la más corriente (45,1%), seguida  \npor la física (33,6%);</li>\n<li>De la totalidad de intervenciones telefónicas registradas por localidad, se  \nverificó el mayor porcentaje en Posadas: 71,6%.</li>\n</ul>\n<span class=\"texto_ext sub_ext\">Sobre las víctimas</span>\n<ul class=\"texto_ext lista_org\">\n<li>El 25,9% de las víctimas tiene entre 21 y 30 años, seguida por la franja etaria  \nde 11 a 20;</li>\n<li>El 25,9% de las víctimas tiene entre 21 y 30 años, seguida por la franja etaria  \nde 11 a 20 años (22,4%) y la de 31 a 40 años (18,3%);</li>\n<li>Los mayores de 40 años representan el 20,5% de las víctimas, y los menores de  \n10 años, el 12,9%;</li>\n<li>De los menores de 10 años de edad, la mayor proporción de víctimas tiene 5  \naños (14,7%), 10 años (13,2%) y 3 años (11,8%).</li>\n</ul>\n<span class=\"texto_ext sub_ext\">Sobre los agresores</span>\n<ul class=\"texto_ext lista_org\">\n<li>Del total de intervenciones en las que se registran datos, el 82,5% tuvo a una  \npersona de género masculino como agresor;</li>\n<li>Del total de agresores, el 34,1% tiene entre 21 y 30 años de edad, el 27,5%  \nentre 31 y 40 años, y el 15,4% entre 41 y 50 años;</li>\n<li>Más de la mitad de los casos donde se menciona el vínculo entre la víctima y el  \nagresor, éste es su cónyuge o pareja actual (34,3%) o ex cónyuge o ex pareja  \n(17,2%)</li></ul><br><br>\n<a href=\"https://drive.google.com/file/d/1QMoQyQD_mdh3qAzsXuui89fosmR8taB3/view?usp=sharing\">INTERVENCIONES DE LA LÍNEA 137 EN MISIONES • AÑO 2019</a>\n', 'https://i.postimg.cc/XYbQZHnS/Informe-de-intervenciones-por-violencia-2019-L-nea-137.jpg'),
(7, 'Capacitación en perspectiva de género y violencias para trabajadores del Ministerio de Cultura', 1, '2020-07-15', 'Se realizó la segunda jornada de <b>capacitación en perspectiva de género y violencias para trabajadores del Estado provincial</b>, organizada por el <a href=\"index.php\">Observatorio de Violencia Familiar y de Género de Misiones</a>, en conjunto con el Ministerio de Trabajo; el Ministerio de Desarrollo Social, la Mujer y la Juventud; y el Instituto Provincial de Estadística y Censos (IPEC). <br><br>  En efecto, 40 trabajadores del Ministerio de Cultura de Misiones participaron este <b>miércoles 15 de julio</b> de la capacitación sobre lo concerniente a la ley nacional N° 27499, conocida como “<b>Ley Micaela</b>“, la cual obliga al Estado a brindar capacitaciones en base a la perspectiva de género “para todas las personas que se desempeñan en la función pública, en los poderes Ejecutivo, Legislativo y Judicial”. <br><br>  La bienvenida al curso estuvo a cargo de la ministra de Trabajo y Empleo, Silvana Giménez, el ministro de Cultura, Joselo Schuap, y la diputada provincial, Adriana Bezus. <br><br>  También estuvieron presentes la directora ejecutiva del IPEC, Silvana Dea Labat, y la diputada provincial, Anazul Centeno, que además, formaron parte del equipo de capacitadoras aportando datos relevantes y brindando un marco legal, respectivamente. <br><br>  Por su parte, la ministra de Trabajo destacó la importancia del evento al afirmar que “<i>la capacitación es política pública de nuestro gobierno. Debemos dar a conocer diferentes leyes que se sancionaron y forman parte de nuestra impronta misionerista</i>”.<br><br>  Por otro lado, el ministro de Cultura agradeció “<i>por estar conectados, aprender y capacitarnos en estos temas que considero fundamentales</i>”. Asimismo, aseguró que “<i>la solución pasa por el amor, el buen trato es lo que prima en el Ministerio de Cultura. Al ciclo de formación lo recibimos con mucho cariño, porque la capacitación en Ley Micaela es una política pública prioritaria</i>”. <br><br>  Por último, la legisladora Bezus resaltó el trabajo que se realiza desde el Observatorio, al tiempo que agradeció la presencia y el compromiso de cada uno de los participantes. <br><br>  ', 'https://i.postimg.cc/DwDrF2g6/IPEC-Misiones-Capacitaci-n-en-Ley-Micaela-para-el-Ministerio-de-Cultura-2020-07-15-1068x712.jpg'),
(8, 'Inician capacitación para trabajadores públicos en perspectiva de género y violencias', 1, '2020-07-05', 'En el marco del <a href=\"index.php\">Observatorio de Violencia Familiar y de Género de Misiones</a>, esta semana se pondrá en marcha la primera jornada de formación en perspectiva de género y violencias para trabajadores del Estado provincial.<br><br>En esta oportunidad, los primeros destinatarios serán los agentes y funcionarios del <b>Ministerio de Agricultura Familiar de Misiones</b>, el miércoles <b>8 de julio</b>, a partir de las <b>8:30</b>.<br><br>Este trabajo lo realizan en conjunto el Ministerio de Trabajo (el cual oficiará de capacitador); el Ministerio de Desarrollo Social, la Mujer y la Juventud; y el Instituto Provincial de Estadística y Censos (IPEC). <br><br>La formación a dictarse se corresponde con lo establecido por la ley nacional N° 27499, conocida como “<b>Ley Micaela</b>“, la cual obliga al Estado a brindar capacitaciones en base a la perspectiva de género “para todas las personas que se desempeñan en la función pública, en los poderes Ejecutivo, Legislativo y Judicial”. <br><br><br><h4>Jornadas con un propósito claro</h4><br><p class=\"texto_ext\"> De la mesa de apertura participarán la ministra de Agricultura Familiar, Marta Ferreyra; la ministra de Trabajo, Silvana Giménez; la ministra de Desarrollo Social, Benilda Damer; y la directora ejecutiva del IPEC, Silvana Dea Labat, quien es, además, la responsable del Observatorio de Violencia Familiar y de Género. <br><br>En términos generales, los encuentros tendrán el formato de taller participativo, con jornadas de reunión online. Según lo expresado por Labat, la finalidad de esta capacitación es “impulsar políticas públicas para la construcción de una sociedad más igualitaria”. <br><br>“Queremos transmitir herramientas y deconstruir sentidos comunes, que cuestionen la desigualdad y la discriminación”, enfatizó la funcionaria al respecto. </p> <br><br><br><h4>Por la instrumentación de la Ley Micaela</h4><br><p class=\"texto_ext\"> Sancionada en 2018 por el Congreso de la Nación, esta ley establece la capacitación obligatoria y permanente en la temática de género y violencia contra las mujeres, para todas las personas que se desempeñan en los tres poderes del Estado. <br><br>En septiembre de 2019, Misiones adhirió a esta ley, y desde entonces la provincia trabaja en la elaboración y fomento de herramientas que permitan identificar las desigualdades de género, sobre todo en el ámbito laboral. </p><br><br><br>', 'https://i.postimg.cc/Y9q8QqyQ/IPEC-Misiones-Capacitacion-Ley-Micaela-2020-07-05-1068x806.jpg'),
(9, 'Violencia familiar y de género en Misiones (Línea 137) | Año 2018', 3, '2020-03-18', 'El Instituto Provincial de Estadística y Censos presenta su más reciente estudio sobre la violencia familiar en Misiones, enmarcado dentro del Registro Provincial de Violencia Doméstica (RPVD).\n<br><br>En efecto, los datos corresponden a los municipios de <b>Eldorado, Garupá, Oberá y Posadas</b>, y pertenecen al año 2018. Dicha información fue suministrada por la Subsecretaría de Relaciones con la Comunidad, del Ministerio de Gobierno de Misiones. Ésta es quien lleva adelante el programa nacional<b><i> Las Víctimas contra las Violencias (Línea 137)</i></b>.\n<br><br>La estructura del informe presenta dos apartados:<br><br><ul class=\"texto_ext lista_org\">\n<li> <b>Intervenciones Telefónicas</b>, donde se encuentran las principales variables e indicadores que surgen de las denuncias hechas telefónicamente a la Línea 137;</li>\n<li> <b>Intervenciones Domiciliarias</b> realizadas por la Subsecretaría.Con el objeto de centralizar y sistematizar la información disponible en organismos y/o sectores encargados de recibir las denuncias sobre hechos de violencia, este informe destaca estadísticamente los siguientes temas:</li>\n</ul><br><br><span class=\"texto_ext sub_ext\">Datos generales</span>\n<ul class=\"texto_ext lista_org\"><li>Se registraron 1299 intervenciones telefónicas en 2018;</li><li>El 75,3% de las denuncias fue por violencia familiar;</li>\n<li>En el 32,3% de los casos, hubo desplazamiento del organismo hasta el lugar de los hechos;</li><li>El 37,5% de las intervenciones fue tipificada por la Línea 137 como de prioridad \"alta\" (31,1%) o \"muy alta\" (6,4%%);</li>\n<li>Según el tipo de violencia denunciado, la psicológica es la más corriente (45,3%);</li><li>Un tercio de los domicilios de los denunciantes contaba con entre 3 niños y 8 niños;</li>\n<li>De la totalidad de intervenciones telefónicas registradas por localidad, se verificó el mayor porcentaje en Posadas: 72,9%.</li></ul><span class=\"texto_ext sub_ext\">Sobre las víctimas</span>\n<ul class=\"texto_ext lista_org\"><li>De la totalidad de denuncias que informan el género de la víctima, el 87,4% son mujeres;</li>\n<li>El 39,4% de las personas denunciantes tiene menos de 20 años, y el 41,0%, entre 21 y 40 años;</li><li>De la totalidad de las víctimas menores de 10 años de edad, el 49,9% de ellas tiene entre 0 y 5 años, y el 50,1% restante tiene entre 6 y 10 años.</li>\n</ul><span class=\"texto_ext sub_ext\">Sobre los agresores</span><ul class=\"texto_ext lista_org\"><li>De total de casos que se registran, en un 80,3% la agresión provino de una persona de género masculino;\nDel total de agresores denunciados, el 31,4% tiene entre 21 y 30 años de edad, el 28,2% entre 31 y 40 años, y el 13,9% entre 41 y 50 años;</li>\n<li>Más de la mitad de los casos donde se menciona el vínculo entre la víctima y el agresor, éste es su cónyuge o pareja actual (32,3%) o ex cónyuge o ex pareja (25,1%)</li>\n</ul> <br><p class=\"texto_ext\">Dichos indicadores estadísticos podrán ser utilizados como insumo en el diseño de políticas públicas orientadas a la prevención, asistencia y erradicación de la problemática.</p>\n<br><br><b><a href=\"https://drive.google.com/file/d/1LATpB8UCbfBlO76DCVYkigmx6GlG_cWk/view?usp=sharing\" target=\"_blank\">MIRÁ EL INFORME COMPLETO</a></b>\n', 'https://i.postimg.cc/CxXxBSw5/IPEC-Misiones-Violencia-dom-stica-2018-L-nea-137.jpg'),
(10, 'Niños, Niñas y Adolescentes de Gran Posadas | 1° Trim. 2019', 3, '2019-11-26', 'En consonancia con el convenio firmado en septiembre pasado con la <a href=\"https://observatorioddnnya.misiones.gob.ar/\" target=\"_blank\"> Defensoría los Derechos de Niños, Niñas y Adolescentes de la Provincia de Misiones (DDNNyA)</a>, dependiente de la Vicegobernación, el Instituto Provincial de Estdísitica y Censos ha elaborado un <b>detallado informe sobre diversos aspectos socioeconómicos</b> en que se encuentran inmersos los niños, niñas y adolescentes (NNyA) del aglomerado Posadas.\nEstos datos fueron obtenidos de la <a href=\"https://ipecmisiones.org/encuesta/encuesta-permanente-de-hogares/\" target=\"_blank\"> Encuesta Permanente de Hogares</a>, y corresponden al <b>primer trimestre de 2019</b>.\nEn dicho informe se puede acceder a los siguientes contenidos:\n<ul class=\"texto_ext lista_org\">\n<li>Población y hogares con niños, niñas y adolescentes</li>\n<li>Aspectos ambientales y acceso a servicios públicos (agua y desagüe)</li>\n<li>Tenencia de la propiedad y vivienda (entorno del hogar)</li>\n<li>Aspectos educativos (asistencia, nivel educativo y finalización de Nivel Primario)</li>\n<li>Pobreza estructural</li>\n</ul>\n<p class=\"texto_ext\">La información de este documento será incorporado tanto al <a href=\"index.php\" target=\"_blank\"> Observatorio de Violencia Familiar y de Género (OVFG)</a>al    <a href=\"https://observatorioddnnya.misiones.gob.ar/\" target=\"_blank\"> Defensoría los Derechos de Niños, Niñas y Adolescentes de la Provincia de Misiones (DDNNyA)</a>.<a href=\"https://drive.google.com/file/d/1uq4lbyjj6Uk4FMy8HN5CHNIa6ptn81_j/view?usp=sharing\" target=\"_blank\">INFORME SOBRE NNyA • 1° TRIM. 2019</a></p>\n', 'https://i.postimg.cc/VvQBwymN/IPEC-Misiones-Ni-os-ni-as-y-adolescentes-en-el-Aglomerado-Posadas-1-Trim-2019.jpg'),
(11, 'El IPEC colabora con la erradicación de la violencia contra la mujer', 2, '2019-11-25', 'En el <b>Día Internacional de la No Violencia contra la Mujer</b>, el Instituto Provincial de Estadística y Censos celebra su compromiso en la lucha por la erradicación de esta problemática en Misiones.  <br><br>\nEn efecto, por impulso y coordinación del IPEC, desde 2019 la provincia cuenta con dos herramientas destacadas al momento de encarar la cuestión con datos actuales: \n<br><ul class=\"texto_ext lista_org\"><li><b>Registro Único de Casos de Violencia Contra la Mujer (RUCVM)</b></li><li><b>Registro Provincial de Violencia Doméstica</b></li></ul>\n<br><p class=\"texto_ext\">Asimismo, a partir de septiembre de este año, se sumó el flamante <a href=\"index.php\">Observatorio de Violencia Familiar y de Género de Misiones</a>, el cual reúne información estadística que comparte con otras instituciones, entre las que se destacan las siguientes:</p><br>\n<ul class=\"texto_ext lista_org\"><li>Superior Tribunal de Justicia de Misiones;</li><li>Ministerios de Desarrollo Social, la Mujer y la Juventud; de Gobierno; y de Derechos Humanos;</li>\n<li>Cámara de Representantes de Misiones;</li><li>Subsecretarías de la Mujer y de Igualdad de Oportunidades;</li>\n<li>Servicio Penitenciario Provincial;</li><li>Colegios de Abogados y de Psicólogos;</li>\n<li>Universidad Nacional de Misiones, Gastón Dachary, Cuenta del Plata y Universidad Católica de las Misiones;</li><li>ONG Colectivo 108.</li></ul>\n<br><br><p class=\"texto_ext\">El Observatorio tiene como objetivo recolectar, procesar, analizar y difundir información sobre varios temas, entre ellos los <b>casos de femicidio y trata de personas con fines de explotación sexual</b>. Estos resultados ayudan a fomentar el diseño, implementación, monitoreo de políticas públicas tendientes a la identificación, tratamiento, prevención y erradicación de esta problemática.</p><br><br>\n<iframe width=\"600\" height=\"315\" src=\"https://www.youtube.com/embed/eBAYBpsVzkk\" title=\"YouTube video player\" frameborder=\"0\" allow=\"accelerometer; autoplay; clipboard-write; encrypted-media; gyroscope; picture-in-picture\" allowfullscreen></iframe>\n', 'https://i.postimg.cc/WzyJr75Y/IPEC-MISIONES-Placa-Principal-1068x601.jpg'),
(12, 'El IPEC trabaja con el Poder Judicial en la generación de indicadores sobre violencia familiar y de género', 1, '2019-11-15', 'En el marco del convenio <b>firmado el pasado 12 de septiembre</b> entre el Poder Judicial y el <b>Observatorio de Violencia Familiar y de Género</b>   dependiente del Instituto Provincial de Estadística y Censos (IPEC)-, se realizó en Posadas la segunda reunión de trabajo entre las partes, con el objeto de <b>generar información estadística sobre la temática</b> desde el ámbito de la Justicia.\n<br><br>En concreto, los temas abordados en el encuentro se centraron en la <b>incorporación de la matriz de datos</b> que propone el Observatorio. El objetivo es generar indicadores sobre violencia familiar y de género, así como la transferencia de la información existente.\n<br><br>Esta segunda reunión se llevó a cabo el pasado 12 de noviembre, siendo parte de las actividades convenidas en septiembre entre diversos organismos. Participaron de ella los siguientes equipos de trabajo:\n<br><br><ul class=\"texto_ext lista_org\"><li>Área de Estadística y de Informática del Poder Judicial</li>\n<li>Dirección de Metodología y Relevamiento Estadístico del IPEC</li></ul><br><br>\n<p class=\"texto_ext\">Al respecto, la directora ejecutiva del IPEC, Silvana Dea Labat, celebró la participación del Superior Tribunal de Justicia de Misiones . “<i>Es un privilegio trabajar con el Dr. Froilán Zarza, quien se comprometió a incorporar la matriz del Observatorio en el Poder Judicial, para que todos los misioneros contemos con las tan necesarias estadísticas sobre violencia familiar y de género</i>”, afirmó.</p>\n', 'https://i.postimg.cc/CxHwp5rL/IPEC-Observatorio-de-Violencia-Familiar-y-de-G-nero-Reuni-n-con-el-poder-Judicial-1068x713.jpg'),
(13, 'Registros Policiales sobre Violencia Familiar y de Género en Misiones | Año 2018', 3, '2019-10-29', 'El IPEC presenta un pormenorizado <b>informe sobre violencia familiar y de género en Misiones</b>, sustentado en las denuncias recibidas por la Policía de la Provincia.<br><br>\nDicho informe se encuadra en el Registro Provincial de Violencia Doméstica (RPVD).<br><br>\n<span class=\"sub_ext texto_ext\">Datos generales</span>\n<ul class=\"texto_ext lista_org\">\n    <li>Se registraron 4429 denuncias durante 2018</li>\n    <li>El promedio fue de 369,1 denuncias por mes</li>\n    <li>Esto da como promedio 12,1 denuncias por día; o bien, una denuncia cada dos horas, aproximadamente</li>\n    <li>La mayor cantidad de acusaciones policiales se concentra en el segundo semestre del año, con el 56,8%</li>\n</ul>\n<br><br>\n<span class=\"sub_ext texto_ext\">Sobre las víctimas</span>\n<ul class=\"texto_ext lista_org\">\n    <li>Más de la mitad de las personas denunciantes tiene entre 20 y 39 años (53,2%)</li>\n    <li>77,6% de las víctimas son mujeres</li>\n    <li>4 de cada 6 víctimas convive con su agresor/a (42,3%)</li>\n    <li> 2 de cada 3 denunciantes asegura que los casos de violencia son continuos o muy frecuentes (68,8%)</li>\n    <li>El 77,0% de las personas denunciantes solicita la exclusión del hogar y/o restricción de acercamiento de quien le agrede</li>\n</ul> \n<br><br>\n<span class=\"sub_ext texto_ext\">Quiénes denuncian y a quiénes</span>\n<ul class=\"texto_ext lista_org\">\n    <li>82,8% de las denuncias provienen de las propias víctimas</li>\n    <li>El 73,0% de las denuncias tienen a un varón como agresor, mientras que el restante 27,0% son mujeres</li>\n    <li>El 37,0% de las agresiones provienen de ex parejas, mientras que el 29,5% de parejas actuales</li>\n</ul>\n<br><br>\n<span class=\"sub_ext texto_ext\">Tipo y modalidad de violencia</span>\n<ul class=\"texto_ext lista_org\">\n<li>El 87,3% de los casos denunciados corresponden a violencia psicológica o física: 49,7% y 36,7%, respectivamente</li>\n<li> La violencia sexual representa el 1,6% de las denuncias realizadas, y la económica/patrimonial, el 5,9%</li>\n<li>El 54,5% de las denuncias es considerado violencia doméstica, y el 25,8%, violencia de género</li>\n<li>Del total de casos denunciados, el abandono de persona y los problemas de adicciones representan el 3,2% y 5,8%, respectivamente</li>\n<li>El domicilio constituye el espacio predominante en los casos de violencia denunciados (86,4%)</li>\n<li>Casi la mitad de las veces que alguien denuncia, no hay testigos del caso (46,0%)</li>\n</ul>\n<br><br>\n<span class=\"sub_ext texto_ext\">Cantidad de denuncias por cada mil habitantes</span>\n<ul class=\"texto_ext lista_org\">\n    <li> En 2018, se registraron 3,03 denuncias de casos de violencia por cada mil habitantes en Misiones</li>\n    <li>Municipios con menor cantidad de denuncias por cada mil habitantes:\n        <ul class=\"texto_ext lista_org\">\n            <li>San Antonio (0,10)</li>\n            <li>Puerto Libertad (0,11)</li>\n            <li>San José (0,13)</li>\n            <li>Colonia Delicia (0,16)</li>\n            <li>Eldorado (0,18)</li>\n            <li>Concepción de la Sierra (0,23)</li>\n            <li>Ruiz de Montoya (0,26)</li>\n            <li>Caraguatay (0,29)</li>\n            <li>Apóstoles (0,31)</li>\n            <li>Garuhapé (0,38)</li>\n        </ul>\n    </li>\n    <li>Municipios con mayor cantidad de denuncias por cada mil habitantes:\n    <ul class=\"texto_ext lista_org\">\n        <li>Cerro Azul (9,74)</li>\n        <li>Puerto Esperanza (6,58)</li>\n        <li>Puerto Libertad (6,37)</li>\n        <li>Posadas (5,85)</li>\n        <li>Puerto Rico (5,54)</li>\n        <li>Cerro Corá (5,28)</li>\n        <li>Garupá (5,24)</li>\n        <li>El Soberbio (4,11)</li>\n        <li>Montecarlo (4,06)</li>\n        <li>Gobernador Roca (3,86)</li>\n    </ul>\n    </li>\n</ul>\n<br><br>\n<h4>Registro sobre violencia doméstica</h4><br><br>\n<p class=\"texto_ext\">El IPEC creó el RPVD con el objeto de <b>centralizar la información registral</b> brindada por los organismos encargados de recibir las denuncias. Este informe sobre violencia familiar y de género en Misiones, sin dudas ayuda al <b>diseño de políticas públicas</b>  orientadas a dicha problemática. <br><br>\nAsimismo, es necesario destacar que el IPEC realiza tareas en conjunto con el Instituto Nacional de Estadística y Censos (INDEC), a través del <a href=\"https://drive.google.com/file/d/1QReOtOqVLkms0fvOqOebe3-BEYoPqACt/view?usp=sharing\" target=\"_blank\">Registro Único de Casos de Violencia Contra la Mujer (RUCVM)</a> , siendo receptores de información proveniente de las instituciones que brindan algún tipo de asistencia a la víctima dentro de la jurisdicción nacional.</p>\n<br><br> <a href=\"https://drive.google.com/file/d/1defHfRqQp3yRL3yd9j7htwhD2OPWJgpf/view?usp=sharing\" target=\"_blank\">INFORME SOBRE VIOLENCIA FAMILIAR Y DE GÉNERO</a><br><br>\n', 'https://i.postimg.cc/Nf9L6wgk/Registros-Policiales-sobre-Violencia-Familiar-y-de-G-nero-en-Misiones-A-o-2018.jpg'),
(14, 'Se lanzó el Observatorio de Violencia Familiar y de Género de Misiones', 1, '2019-09-09', 'El 9 de septiembre, en la Sala de las Dos Constituciones de la Cámara de Representantes de Misiones, se presentó oficialmente el <b>Observatorio de Violencia Familiar y de Género </b>. <br><br>\nEl objetivo de dicho Observatorio es recolectar, procesar, analizar y difundir información sobre varios temas, entre los que se destacan casos de femicidio y trata de personas con fines de explotación sexual. Los resultados de las observaciones servirán para fomentar el diseño, implementación, monitoreo de políticas públicas tendientes a la identificación, tratamiento, prevención y erradicación de esta problemática.\n<br><br>\n<p class=\"texto_ext\">Por otra parte, <b>durante el evento se firmaron convenios</b> entre diferentes actores públicos, privados y organizaciones no gubernamentales, involucrados en la atención de la problemática. Entre las autoridades participantes, se destacaron las siguientes:</p> <br><br>\n\n<ul class=\"texto_ext lista_org\">\n<li>Presidente del Superior Tribunal de Justicia de Misiones, Froilán Zarza;</li>\n<li>Ministro de Gobierno, Marcelo Pérez;</li>\n<li>Ministra de Derechos Humanos, Lilia Marchesini;</li>\n<li>Ministro de Desarrollo Social, la Mujer y la Juventud, Lisandro Benmaor;</li>\n<li>Diputada provincial, Silvana Giménez, quien impulsa el proyecto de ley de creación del Observatorio;</li>\n<li>Subsecretaria de la Mujer, Benilda Dammer;</li>\n<li>Subsecretaria de Igualdad de Oportunidades, Norma Sawicz;</li>\n<li>Alcaide General del Servicio Penitenciario Provincial, Nilda Correa;</li>\n<li>Presidente del Colegio de Abogados, Juan Manuel Fouce;</li>\n<li>Presidente del Colegio de Psicólogos, Gisela Encina;</li>\n<li>Rectora de la Universidad Nacional de Misiones, Alicia Bohren;</li>\n<li>Rectora de la Universidad Gastón Dachary, Alba Pérez Chilavert;</li>\n<li>Rectora de la Universidad Cuenta del Plata, Laura Jacobacci;</li>\n<li>Rectora de la Universidad Católica de Misiones, Ana María Foth;</li>\n<li>Presidente de la ONG Colectivo 108, Nicolás Pintos.</li>\n</ul>\n<br><br>\n<p class=\"texto_ext\">Al respecto, la directora ejecutiva del Instituto Provincial de Estadística y Censos (IPEC), Silvana Dea Labat, expresó que “<i>luego de un trabajo en conjunto entre la Cámara de Representantes de Misiones, la diputada provincial Silvana Giménez y el IPEC, esta ley representa un paso muy importante que damos como sociedad en relación a la lucha contra la violencia intrafamiliar y contra las mujeres</i>”.<br><br>\nAsimismo, la funcionaria agregó que “<i>este Observatorio, sin duda será un complemento valioso del <b>Registro Único de Casos de Violencia Familiar y de Género</b></i>“. Este concentra, contiene y sistematiza la información de los hechos, tipos y modalidades de violencia regulados en la Ley XIV – N° 6 (antes Ley N° 3325) y demás normativas vigentes.</p> <br><br>\n<h4>Algunas atribuciones del Observatorio de Violencia Familiar y de Género</h4> <br><br>\n<ul class=\"texto_ext lista_org\">\n<li>Impulsar estudios e investigaciones sobre la evolución, prevalencia, modalidades y consecuencias de la violencia familiar y de género. El fin es identificar los factores sociales, culturales, económicos y políticos que estén asociados o puedan constituir causal de violencia;</li>\n<li>Celebrar convenios de cooperación con organismos públicos o privados, provinciales, nacionales o internacionales y organizaciones de la sociedad civil, promoviendo campañas de concientización y sensibilización acerca de la problemática;</li>\n<li>Articular acciones con otros observatorios provinciales, nacionales e internacionales, a efectos de disponer de información sobre la temática;</li>\n<li>Articular acciones con organismos gubernamentales con competencia en materia de derechos humanos a los fines de monitorear la implementación de políticas de prevención y erradicación de la violencia familiar y de género;</li>\n<li>Formular programas y proyectos que contribuyan a erradicar la violencia contra las mujeres;</li>\n<li>Brindar capacitación, asesoramiento y apoyo a las víctimas de violencia familiar y de género.</li>\n</ul> \n<br><br>\n<h4>Primera Jornada de Violencia Familiar y de Género de Misiones</h4>\n<br><br>\n<p class=\"texto_ext\">Asimismo, en el marco de la presentación del Observatorio, se realizó la <b>1° Jornada de Violencia Familiar y de Género de Misiones</b>. En ella se expusieron datos existentes, elaborados por el IPEC en conjunto con diversos organismos del Estado, como la Policía de la Provincia, la Subsecretaría de Relaciones con la Comunidad (Línea 137), la Dirección Provincial de Violencia de Familia y Género (Línea 102), entre otros. <br><br>\nDurante la jornada se llevaron a cabo diversas <b>ponencias acerca de la temática</b>. Estas estuvieron a cargo de destacadas especialistas, quienes abordaron tópicos vinculados con la Ley de Violencia Familiar, competencias parentales resilientes y la experiencia del trabajo en el programa Las Víctimas contra las Violencias (Línea 137). <br><br>\nDichas jornadas serán realizadas periódicamente en lo sucesivo, con la finalidad de elaborar protocolos de acción en universidades y escuelas, así como generar líneas de investigación académica con los datos que el Observatorio vaya publicando.</p> <br><br>\n', 'https://i.postimg.cc/QxFLXTXZ/IPEC-Misiones-Violencia-familiar-y-de-g-nero-2017-1.jpg'),
(15, 'Violencia familiar y de género en Misiones (Línea 137) | Años 2016 y 2017', 3, '2019-09-05', 'El Instituto Provincial de Estadística y Censos presenta un nuevo estudio descriptivo sobre violencia familiar en Misiones, enmarcado dentro del <b>Registro Provincial de Violencia Doméstica (RPVD)</b>.\n<br>\nEn concreto, los datos corresponden a los municipios de <b>Eldorado, Garupá, Oberá y Posadas</b>, y pertenecen al período 2016-2017. Dicha información fue suministrada por la Subsecretaría de Relaciones con la Comunidad, del Ministerio de Gobierno de Misiones. Ésta es quien lleva adelante el programa nacional <b><i>Las Víctimas contra las Violencias (Línea 137)</i></b>.\n<br><br>\nLa estructura del informe presenta dos apartados:\n<br><br>\n<ul class=\"texto_ext lista_org\">\n<li><i>Intervenciones Telefónicas</i>, donde se encuentran las principales variables e indicadores que surgen de las denuncias hechas telefónicamente a la Línea 137;</li>\n<li><i>Intervenciones Domiciliarias</i> realizadas por la Subsecretaría.</li>\n</ul>\n<br><br>\n<p class=\"texto_ext\">Con el objeto de centralizar y sistematizar la información disponible en organismos y/o sectores encargados de recibir las denuncias sobre hechos de violencia, este informe describe estadísticamente los siguientes temas:</p>\n<ul class=\"texto_ext lista_org\">\n<li>Datos generales de denuncias telefónicas;</li>\n<li>Denuncias telefónicas por tipo de violencia;</li>\n<li>Según la prioridad del hecho, el tipo de violencia denunciada y el tipo de arma involucrada;</li>\n<li>Intervenciones telefónicas según acciones tomadas por el organismo e instituciones intervinientes;</li>\n<li>Según cantidad de niños en el domicilio denunciante;</li>\n<li>Datos sobre las víctimas de violencia (género y edad de las víctimas);</li>\n<li>Datos sobre los agresores: Género, edad, cantidad de agresores y vínculo con la víctima.</li>\n</ul>\n<br><br>\n<p class=\"texto_ext\">Dichos indicadores estadísticos podrán ser utilizados como insumo en el diseño de políticas públicas orientadas a la prevención, asistencia y erradicación de la problemática.</p>\n<br><br>\n', 'https://i.postimg.cc/MTcNm6Jg/IPEC-Misiones-Informe-de-la-L-nea-137-sobre-violencia-dom-stica-1068x602.jpg'),
(16, 'Registros Policiales sobre Violencia Familiar y de Género 2017', 3, '2019-02-17', 'El IPEC presenta un detallado <b>informe sobre violencia doméstica en Misiones</b>, a partir de los resultados derivados del procesamiento, sistematización y análisis de datos de denuncias recibidas por la Policía de la Provincia.\n<br><br>\nDicho informe se encuadra bajo el <b>Registro Provincial de Violencia Doméstica (RPVD)</b>  y es, en rigor, el cuarto elaborado por el IPEC:\n<br><br>\n<ul class=\"texto_ext lista_org\">\n<li>Dos reportes de la Línea 102 (años 2017 y 2018), de acuerdo al procesamiento y análisis estadístico de los formularios y planillas entregadas por la Dirección Provincial de Violencia Familiar y de Género, dependiente del Ministerio de Desarrollo Social de Misiones;</li>\n<li>Reporte de la Línea 137, en base a datos suministrados por la Subsecretaría de Relaciones con la Comunidad, del Ministerio de Gobierno de Misiones, a través del Programa Nacional Las víctimas contra la violencia, dependiente del Ministerio de Justicia y Derechos Humanos de la Nación.</li>\n</ul><br><br>\n<h3>Un registro sobre violencia doméstica muy necesario</h3>\n<br><br>\n<p class=\"texto_ext\">El RPVD fue creado por el Instituto Provincial de Estadística y Censos de Misiones con el objeto de <b>centralizar la información registral brindada por los organismos encargados de recibir las denuncias por violencia doméstica</b> . Este trabajo será de gran ayuda para el <b>diseño de políticas públicas orientadas a dicha problemática</b> .</p>\n<br><br>\n<p class=\"texto_ext\">Asimismo, es necesario destacar que el IPEC realiza tareas en conjunto con el Instituto Nacional de Estadística y Censos (INDEC), a través del Registro Único de Casos de Violencia Contra la Mujer (RUCVM), siendo receptores de información proveniente de las instituciones que brindan algún tipo de asistencia a la víctima dentro de la jurisdicción nacional.</p>\n<br><br><h3>  Trabajo conjunto para el registro organizado</h3> <br><br>\n<p class=\"texto_ext\">Durante 2017 y 2018, se realizaron encuentros de internalización de las experiencias de las instituciones intervinientes a la temática de violencia de género y violencia doméstica en Misiones. Así también, se efectuaron reuniones de trabajo para la construcción de la matriz de datos y del instrumento de recolección. Por último, se realizaron jornadas de capacitación del instrumento como así también del módulo de carga provisorio.</p>\n<br><br>\n<b><a href=\"https://drive.google.com/file/d/1vwMS49EmEoVzK3KRFPYzLwdbgFj5t_ad/view?usp=sharing\" target=\"_blank\">MIRÁ AQUÍ EL INFORME COMPLETO</a></b><br><br>\n', 'https://i.postimg.cc/fLjWS62s/IPEC-Misiones-Registro-Provincial-de-Violencia-Dom-stica-A-o-2017-1068x712.jpg'),
(17, 'Nueva capacitación para registros de violencia doméstica', 1, '2018-11-21', 'Con miras al mejoramiento permanente del <b> Registro Provincial de Actuaciones de Violencia Familiar (RPAVF)</b>, se realizó hoy la primera de las dos jornadas de capacitación en la problemática de la violencia doméstica, la cual se extenderá hasta mañana 22 de noviembre.<br><br>\nEfectivamente, el evento tuvo lugar en las instalaciones del <b>Centro de Cómputos de Misiones</b>. Su organización va por cuenta del Instituto Provincial de Estadística y Censos, bajo la coordinación de Susana Maidana. En tanto que la impartición de conocimientos será llevada a cabo por la <b>Dirección de Metodología y Relevamiento Estadístico del IPEC</b>, a cargo de su director, Dr. Darío Ezequiel Díaz.<br><br>\nEn primer turno, se abordó el módulo de <b>carga de los relevamientos de las denuncias de violencia familiar y de género</b>, bajo la tutela del Lic. Enrique De Silvestre.<br><br>\nAmbas jornadas de capacitación están dirigidas a diferentes trabajadores públicos cuyas funciones están vinculadas a la temática. De ella participarán representantes del <b>Ministerio de Desarrollo Social, la Mujer y la Juventud</b> (MDSMJ): <br><br>\n<ul class=\"texto_ext lista_org\">\n<li>La subsecretaria de Relaciones con la Comunidad, Lic. Miriam Duarte;</li>\n<li>La Lic. Muriel Arensburg, de la Línea 137;</li>\n<li>La Lic. Carolina Caspary, de la Línea 102.</li>\n</ul>\n\n<br><br>\n<p class=\"texto_ext\">Asimismo, por la <a href=\"https://www.facebook.com/muniposadas/?hc_ref=ARTbvj80zn2-zq81Z7T49dCZPQERxXWd6I8kyxHHaX5LFGK7bXZxq_OnLzfOkDzZmoI&ref=nf_target&__xts__[0]=68.ARC6IB8JvgWPCFmW16Gmy_Xo5XcL0gG2z4uFqnJc2SauRzP4WN7zvIfl631YusOEGhlWL0vFuSctG_0rweO7045smJK9XlHNRheoKPaj2jUBc5TXQrK7XfaZKkSVc_gM6dFDtfB4Qjp8pvm3oBNDH9XZhtzlQWz-Nkx4StEGt-9BMOfaOBApiSf1UaJxO0W_YYn3BFwEgu8aIDxHQY5PPNAEGlPBGJtpgb3Tsky8iM7KI9HclH8UCM9DvjPSLFDFhWuXktYAdv4WTlWrHJJ67L5tgRB4bK8PXMUhkvAXDXDTIBLvGzoSBU9iwMMzrsjPV9pSgvFhvdHO8uVgq9TeOcJ5HdbnL8pWYZS0TGaBFQGfQ93d5JObkRr_8HI33Q&__tn__=kC-R\">Dirección de Equidad Género de la Municipalidad de Posadas</a>  estará presente la Lic. Angela Ferreyra. Por último, en representación de la <b>Dirección de Asuntos de Familia y Género de la Policía de Misiones</b> estará su director, el Comisario Mayor Oscar Ríos.</p> <br><br>\n<p class=\"texto_ext\">El RPAVF depende de la <b>Dirección Provincial de Violencia Familiar y de Género</b>, del MDSMJ. Su labor consiste en registrar casos de violencia doméstica, y a este registro deben remitirse jueces y funcionarios públicos actuantes acerca de los datos filiatorios e identificación de la causa.</p><br><br>\n', 'https://i.postimg.cc/qMmnY9wq/IPEC-Misiones-Capacitaci-n-Registro-Provincial-de-Actuaciones-de-Violencia-Familiar.jpg'),
(18, 'Informe sobre violencia doméstica en Misiones • Año 2017 | Línea 102', 3, '2018-09-21', 'En respuesta a la solicitud de la <b>Dirección Provincial de Violencia Familiar y Género</b>, en el presente informe se exponen los resultados correspondientes a las <b>llamadas recibidas en la Línea 102</b>, acerca de denuncias de violencia en el ámbito familiar, sobre todo contra menores de edad. Dichos registros corresponden al año 2017.<br> <br>\nEn rigor, este informe representa la continuación del trabajo iniciado durante 2017, donde se procesaron los formularios correspondientes a los años 2014, 2015 y 2016.<br><br>\nLa información se presenta y se describe bajo el mismo orden de aparición de las variables del instrumento de recolección de datos.<br><br>\nAsimismo, este informe se enmarca dentro del <b>Registro Provincial de Violencia Doméstica (RPVD)</b>, el cual tiene como objeto centralizar y sistematizar la información disponible en organismos y sectores encargados de recibir las denuncias sobre hechos de violencia.<br><br>\n<b><a href=\"https://drive.google.com/file/d/1WQO_d8zHqRRK0JGDpOHsxpeJ6a2bnMaa/view?usp=sharing\" target=\"_blank\">MIRÁ EL INFORME COMPLETO</a></b>', 'https://i.postimg.cc/52Wt58bB/IPEC-Misiones-Violencia-contra-menores-L-nea-102-1068x601.jpg'),
(19, 'Violencia familiar y de género | Año 2017', 3, '2018-09-21', 'Los más recientes <b>datos oficiales sobre violencia familiar y de género en Misiones</b> indican que, durante el año 2017, se registraron 222 denuncias vinculadas con esta temática.<br><br>\nEstos guarismos surgen del informe que el IPEC elaboró para la Dirección Provincial de Violencia de Familia y Género en base a las denuncias que recibió ésta mediante la Línea 102.<br><br>\nDel total de llamadas telefónicas, 7 de cada 10 fueron de familiares, amigos o vecinos, mientras que <b>sólo el 11,3% de los llamados lo hizo la propia víctima.</b> <br><br>\nCon relación a la situación planteada (entendida como el hecho que motiva el llamado):<br><br>\n<ul class=\"texto_ext lista_org\">\n<li>Violencia familiar: 53,8%</li>\n<li>Adicción: 4,7%</li>\n<li>Chicos en la calle: 4,0%</li>\n<li>Trata de personas: 3,2%</li>\n<li>Alguna situación en la vía pública: 0,8%</li>\n<li>Otros motivos: 33,6% (de los cuales, el 47,1% son solicitudes de intervención por estado de abandono de niños, niñas o adolescentes por parte de sus padres)</li>\n</ul>\n        <br><br>\nPor otra parte, en cuanto al vínculo del/os agresor/es con la víctima:<br><br>\n<ul class=\"texto_ext lista_org\">\n<li>59,0% fueron los padres</li>\n<li>13,0%, la pareja o ex cónyuge</li>\n<li>4,1%, los hijos</li>\n<li>1,8%, los hermanos</li>\n<li>8,6%, otros familiares</li>\n<li>11,7%, personas que tienen otro vínculo con la víctima</li>\n</ul>\n<br><br>\n<p class=\"texto_ext\">Actualmente, el equipo técnico del IPEC se encuentra <b>procesando las denuncias correspondientes a los primeros meses de 2018</b>. Mientras, podés descargar a continuación el informe completo sobre 2017.<br><br></p>\n', 'https://i.postimg.cc/sgzhjkQC/IPEC-Misiones-Violencia-familiar-y-de-g-nero-2017-1.jpg');
INSERT INTO `noticias` (`ID_noticias`, `titulo`, `seccion`, `fecha`, `desarrollo`, `imagen`) VALUES
(20, 'Informe sobre víctimas de violencia doméstica en Misiones | Línea 137', 3, '2018-08-23', 'El IPEC presenta los datos más recientes del <b>programa Las Víctimas contra las Violencias (Línea 137)</b>, suministrados por el Ministerio de Gobierno de la Provincia de Misiones por medio de la Subsecretaría de Relaciones con la Comunidad. <br><br>\nDicho informe se enmarca dentro del <b>Registro Provincial de Violencia Doméstica (RPVD)</b>, el cual tiene como objeto centralizar y sistematizar la información disponible en organismos y sectores encargados de recibir las denuncias sobre hechos de violencia. <br><br>\nLos datos fueron recogidos durante el período comprendido entre el 10 de octubre de 2013 y el 30 de noviembre de 2015, y corresponden a los municipios de Posadas, Oberá, Eldorado y Garupá. <br><br>\nCon esta información, se generaron indicadores estadísticos para ser utilizados como insumo en el diseño de políticas públicas orientadas a la prevención, asistencia y erradicación de dicha problemática. <br><br>\nLa estructura del informe es la siguiente: <br><br>\n<ul class=\"texto_ext lista_org\">\n<li>Por un lado, se presentan las principales variables e indicadores que surgen de las denuncias hechas telefónicamente a la Línea 137;</li>\n<li>Un segundo apartado refiere a las intervenciones domiciliarias realizadas por el organismo. </li>\n</ul>\n<br><br>\n<h3>Datos generales sobre violencia doméstica en Misiones</h3>\n<br><br>\n<p class=\"texto_ext\">Entre octubre de 2013 y noviembre de 2015, se registraron 9.439 intervenciones. El 83,6% se realizaron en Posadas, el 14,2% en Garupá, el 1,5% en Oberá y el restante 0,7% en Eldorado. </p>\n<br><br>\n<p class=\"texto_ext\">Según el tipo de violencia, sobre un total de 7.776 casos, el 43,3% corresponden a violencia familiar y el 56,7% a otro tipo de violencia. </p>\n<br><br><p class=\"texto_ext\">Por otro lado, el 74,5% del total de intervenciones telefónicas fueron tipificadas por el receptor de la llamada como “normal”, el 21,0% de prioridad “alta” y el 4,4% de prioridad “muy alta”. </p>\n<br><br><p class=\"texto_ext\">Asimismo, del total de dichas intervenciones telefónicas, el 76,4% evidencian algún tipo de violencia. Entre ellos, la psicológica representa el 41,8% de los casos; la física el 40,1% y la económica un 9,5%.</p>\n<br><br><b><a href=\"https://drive.google.com/file/d/18YogaBIZgIPFiAoIzSAmbNV6pQutyUBk/view?usp=sharing\" target=\"_blank\">MIRÁ EL INFORME COMPLETO</a></b><br><br>', 'https://i.postimg.cc/SRd9Dbqb/IPEC-Misiones-Violencia-familiar-1068x668.jpg'),
(21, 'Violencia familiar y de género | Período 2014-2016', 3, '2018-03-13', 'Te presentamos un nuevo informe que aborda una de las temáticas más sensibles en nuestros días: Violencia familiar y de género. <br><br>\nAl respecto, este material se destaca por el hecho de que su base documental se encuentra en los datos de los formularios y planillas oficiales entregadas por la <b>Dirección Provincial de Violencia de Familia y Género</b>. Estos fueron procesados y analizados estadísticamente por el equipo técnico del IPEC. <br> <br>\n<h3>Qué contiene este informe sobre violencia familiar y de género</h3>\n<br><br>\n<p class=\"texto_ext\">Dentro de este informe exclusivo, <b>vas a encontrar numerosos indicadores sobre la problemática de violencia familiar y de género</b>. Entre ellos, se destacan:</p> <br>\n<ul class=\"texto_ext lista_org\">\n<li>Denuncias recibidas</li>\n<li>Horario de las denuncias</li>\n<li>Tipo de denuncia</li>\n<li>Clasificación de denunciantes</li>\n<li>Tipos de víctimas</li>\n<li>Tipos de agresores</li>\n</ul>\n <br><br>\n <p class=\"texto_ext\">A continuación, podés descargar el informe. Y te pedimos que colabores con la difusión de la información, compartiendo en tus redes sociales.</p>\n<br><br>\n<b><a href=\"https://drive.google.com/file/d/1P6nK3mKmbSEpVN0rypI0mjdRjqswVvv2/view?usp=sharing\">DESCARGÁ EL INFORME AHORA</a></b> <br><br>', 'https://i.postimg.cc/25wcPRhC/IPEC-Misiones-Violencia-Familiar.jpg'),
(22, 'Entrevista en Canal 12 sobre el nuevo Sistema Multiplataforma de Denuncia de Violencia Familiar y de Género', 4, '2021-02-26', 'La Directora Ejecutiva del Observatorio de Violencia Familiar y de Género Cdra. Silvana Labat, charló con Canal 12 sobre la implementación del nuevo <b>Sistema Multiplataforma de Denuncia</b>  que permitirá unificar la información de las denuncias por violencia familiar y de género en una sola matriz.<br>\nEste sistema será compartido por la Policía, la Línea 137, la Línea 102, la Defensoría de Niños, Niñas y Adolescentes y el Poder Judicial.<br><br>\n\nLa matriz única permitirá conocer (además de los datos de la víctima):<br>\n<ul class=\"texto_ext lista_org\">\n<li><b>Quién</b> tomó la denuncia: qué organismo y agente del Estado</li>\n<li><b>Hacia Dónde</b> fue esa denuncia, por ej. si fue a un juzgado y a cuál</li>\n<li>Si hubo <b>intervención</b> de un organismo, por ej. la brigada móvil de la Línea 137</li>\n<li>Si la víctima fue trasladada a una <b>casa refugio</b></li>\n<li>Si hay <b>niñxs y adolescentes</b>. En este caso llegará automáticamente un alerta a la defensoría.<br><br></li>\n</ul>\n<p class=\"texto_ext\">Se prevé un mecanismo de semáforo, que determinará la <b>urgencia y gravedad</b> del caso para actuar con prioridad. Ante la <b>primera denuncia</b>, se pondrá en marcha todo el dispositivo. No habrá que esperar a que se acumulen denuncias. </p>\n<br><br>\n<p class=\"texto_ext\">Además la Directora habló sobre el Convenio que puso en marcha el <b>1er Registro de Personas Trans de Misiones</b>. El objetivo es conocer <i>dónde y cómo</i> viven para poder orientar las políticas públicas sin caer en estereotipos que circulan en el imaginario sobre esta comundidad.<br><br></p>\n<iframe  width=\"100%\" height=\"350px\" src=\"https://www.youtube.com/embed/pTSIkk3GZRc\" title=\"YouTube video player\" frameborder=\"0\" allow=\"accelerometer; autoplay; clipboard-write; encrypted-media; gyroscope; picture-in-picture\" allowfullscreen></iframe>\n ', 'https://i.postimg.cc/yxvZLnG9/Whats-App-Image-2021-05-11-at-21-29-59.jpg'),
(23, 'Banderazo por la memoria Trans', 1, '2021-08-02', 'Entre el 2 y el 7 de Agosto, haremos un banderazo por la memoria trans\r\nen homenaje a todas las personas trans que ya no están y un pedido para que no nos falte ninguna más.\r\nCon esta iniciativa de Archivos de la Memoria Trans  y que desde el Observatorio replicamos junto a ATTA Misiones  y \r\nla Subsecretaría de Servicios a la Ciudadanía Julián Björklund , buscamos celebrar y mantener viva la memoria del colectivo trans en Misiones.\r\n<br> <br>\r\n<p class=\"texto_ext\">En la bandera de 15mts x 7,5mts (que recorrerá todo el país), escribiremos cada uno de sus nombres de lxs compañerxs fallecidxs, \r\n  asesinadxs o desaparecidxs en un pequeño gesto contra el olvido. E invitaremos a hacerlos visibles en cada ocasión que podamos.\r\nPorque cada una de esas personas vivió un vida valiosa, una lucha por el derecho a la identidad propia que merece ser nombrada y recordada.</p>\r\n<br><br>\r\n<p class=\"texto_ext\">Vamos a estar recorriendo con la bandera por Posadas, Oberá e Iguazú (podrán ver el itinerario en Historias Destacadas de nuestro <a href=\"https://www.instagram.com/observatoriovfg/\">instagram</a> ) y además les invitaremos a acompañarnos desde sus casas con un <a href=\"https://www.instagram.com/explore/tags/banderazovirtual/\">#BanderazoVirtual</a></p>\r\n<br><br>\r\n<p class=\"texto_ext\"> Un cálido agradecimiento a quienes nos acompañarán en este homenaje: \r\nGobernador Oscar Herrera Ahuad, \r\nMinisterio de Gobierno,  \r\nMinisterio de Trabajo, \r\nMinisterio de Desarrollo Social, \r\nMinisterio de Derechos Humanos, \r\nMinisterio de Acción Cooperativa,  \r\nCámara de Representantes de Misiones, \r\nMinisterio de Salud, \r\nMinisterio de Agricultura Familiar, \r\nMunicipalidad de Posadas, \r\nMunicipalidad de Oberá,  \r\nMunicipalidad de Iguazú, \r\nDirección de Diversidad y Géneros de Iguazú, \r\nUniversidad Popular de Misiones.', 'https://i.postimg.cc/bJz6BXVn/banderazo.jpg'),
(24, 'Informe Técnico de Violencia', 3, '2021-10-25', 'Presentamos el Informe Técnico de Violencia elaborado por la Prof. Milagros Oriana Da Rosa y el Dr. Darío Ezequiel Díaz, investigadores de la Universidad Gastón Dachary, en conjunto con el Observatorio de Violencia Familiar y de Género.\r\n<br><br> \r\nEl presente informe aborda la problemática de la violencia en sus distintos tipos y modalidades y busca dar una definición lo más acabada posible de ésta, en comparación con otros fenómenos como la agresividad y la impulsividad. <br>\r\nPor otro lado, da pautas para el reconocimiento de una persona violenta dentro y fuera de una relación y propone un test para medir la agresividad (que puede escalar hacia violencia). <br>\r\nAdemás, explora desde la psicología las experiencias y sentimientos subjetivos que puede tener la víctima de situación de violencia. Retoma el concepto de \"indefensión aprendida\" para resaltar los efectos que los comportamientos violentos pueden tener a largo plazo en la sensación de la víctima de poder tomar acciones concretas. <br> <br>\r\n\r\n<a href=\"https://drive.google.com/file/d/1udd6g1oHe035zOt5lWDKzxoxy3YrahfP/view?usp=sharing\" target=\"_blank\">Informe Técnico de Violencia</a>', 'https://i.postimg.cc/D0bXjygX/INFORME-TECNICO-DE-VIOLENCIA.png'),
(25, 'Material para Capacitaciones en Ley Micaela 27.499', 5, '2021-11-02', '<a href=\"https://drive.google.com/file/d/1HMYaKcsL29RHb364hEMYJJg0MMk2aSAE/view?usp=sharing\" target=\"_blank\">Presentación de Ley Micaela</a>.', 'https://i.postimg.cc/7P2FPFCx/presentacion-ley-micaela.png'),
(26, 'Informe sobre Víctimas de Trata de Personas', 3, '2021-11-03', 'El <b>Observatorio de Violencia Familiar y de Género</b>, junto a la <b>Subsecretaría de Igualdad de Oportunidades</b> y el <b>Ministerio de Derechos Humanos</b> presentan el <i>Informe sobre Víctimas de Trata de Personas</i> , con datos provistos por éste último y procesados por el <b>Instituto Provincial de Estadísticas y Censos</b>. \r\n<br> <br>\r\nEn este informe, se dan a conocer diversos aspectos sobre la problemática y el flagelo de la trata de personas en la provincia de Misiones entre los años <b>2008</b> y <b>2019</b>. <br>\r\nLos datos que se procesaron provienen de las denuncias por trata de personas efectuadas ante la Justicia Federal, quien deriva los casos al Min. de Derechos Humanos de Misiones, para que tomen contacto con las víctimas, las asistan, acompañen y así lograr la restitución de sus derechos. \r\n<br><br>\r\nEn el período establecido, se registraron <b>185 casos</b> , de los cuales, <b>153 corresponden a trata de personas</b>  y 32 a otras modalidades de violencia. <br> \r\nSe distingue entre víctimas de trata y otros tipos de violencias, debido a que una vez investigados, pasan a caratularse bajo otro tipo de violencia. <br><br>\r\n\r\nSegún la Ley 26.842, la trata se refiere al <b>ofrecimiento, la captación, el traslado, la recepción o acogida de personas con fines de explotación</b>, ya sea dentro del territorio nacional,como desde o hacia otros países.\r\n<br><br>\r\n<a href=\"https://drive.google.com/file/d/1AO8k3Tnv0-fXyObtP9jstMoH_vEuL1KZ/view?usp=sharing\" target=\"_blank\">Informe sobre Víctimas de Trata de Personas </a>', 'https://i.postimg.cc/0yNcHrmw/trata-de-personas.jpg'),
(27, 'Informe de Violencia 2020', 3, '2021-11-25', 'En el presente informe se exponen los resultados del procesamiento, sistematización y análisis de los datos\r\nobtenidos a partir de las denuncias recibidas por la Policía de la Provincia de Misiones, durante el año 2020.\r\nEl operativo en cuestión se enmarca bajo el Observatorio de Violencia Familiar y de Género, que tiene como\r\nobjeto desarrollar un sistema de información permanente, con la finalidad de fomentar el diseño,\r\nimplementación, monitoreo de políticas públicas y estrategias tendientes a la identificación, tratamiento\r\nintegral, prevención y erradicación de la violencia familiar y de género. <br> <br>\r\n<a href=\"https://drive.google.com/file/d/1MPvhJ8xK0VjMoEEm8bMFDKDslfEHeu4b/view?usp=sharing\" target=\"_blank\">Informe de Violencia 2020</a>.\r\n', 'https://i.postimg.cc/bvf4ZFym/informe-violencia-2020.png'),
(28, 'Nazarena Fleitas será la Responsable del Área de Diversidad del Observatorio', 1, '2022-07-08', '<b>NAZARENA FLEITAS FUE DESIGNADA COMO RESPONSABLE DEL ÁREA DE DIVERSIDAD DEL OBSERVATORIO</b>\r\n<br><br>\r\nCon inmensa alegría comunicamos que <b>Nazarena Nicole Fleitas</b>  estará al frente del <b>área de Diversidad</b> del <b>Observatorio de Violencia Familiar y de Género de Misiones.</b> \r\n<br><br>\r\n\r\nLa decisión se formalizó en una reunión con la Directora Ejecutiva del Observatorio Silvana Labat, la Ministra de Trabajo Silvana Giménez y la Coordinadora de la Asociación de Travestis, Transexuales y Transgéneros de Argentina, Nazarena Fleitas.\r\n<br><br>\r\n\r\nSignifica un paso muy importante en la <b>visibilización e inclusión</b> , que refuerza el <b>compromiso del Gobierno Provincial</b>  con la <b>comunidad LGBTIQ+</b> . Compromiso que se concreta mediante políticas públicas e iniciativas como el relevamiento a la Población Trans en Misiones, a cargo del Instituto Provincial de Estadística y Censos y los Consultorios Amigables, donde se ofrecen servicios de prevención, diagnóstico y atención del VIH-Sida e ITS, con profesionales de la salud.\r\n<br><br>\r\n\r\nNazarena hizo hincapié en el trabajo territorial: <i>“Queremos un área de diversidad que incluya a cualquier vecino de la provincia, es cuestión de acercarnos, trabajar y demostrar que tenemos un gobierno muy activo con esta causa, simplemente es poner las fichas necesarias para que esto siga avanzando, para construir una Provincia que sea ejemplo para el resto del país.”</i>\r\n<br><br> \r\n\r\n¡Felicitaciones Nazarena!', 'https://i.postimg.cc/YSPzfcDp/Designaci-n-Nazarena.png'),
(29, 'Capacitación en diversidad e identidad de género a Gendarmería Nacional', 1, '2022-07-11', '<b>El Observatorio brindó una capacitación en diversidad e identidad de género a Gendarmería Nacional </b> \r\n<br> <br>\r\nLa Coordinadora del Área de Diversidad del Observatorio Nazarena Fleitas brindó una capacitación en diversidad e identidad de género a Gendarmería Nacional, invitada por la Asociación Huellas de Género y la Comisión Provincial de Prevención de la Tortura.\r\n<br><br>\r\nEn el encuentro, se hizo hincapié en la importancia de la autopercepción y expresión de género de las personas, el respeto de las leyes vigentes y la inclusión de las compañeras trans dentro de la institución.\r\n<br><br>\r\nAdemás, se detalló como se está trabajando en la Provincia y se destacó el interés por parte de Gendarmería para capacitarse en materia de género y diversidad para mejorar y avanzar como institución. \r\n<br><br>\r\nHacia el final, se abrió un debate donde las especialistas pudieron ayudar con inquietudes que pudieran tener al momento de una requisa o procedimiento que se pudiera presentar.', 'https://i.postimg.cc/MGP2xGPz/capacitacion-gendarmeria.jpg'),
(30, 'Actualización de la Capacitación para Trabajadores Públicos en Ley Micaela(Año 2022).', 3, '2022-07-11', 'Presentamos la actualización de la Capacitación para Trabajadores Públicos en Ley Micaela, Perspectiva de Género y Violencias con datos obtenidos de las denuncias tomadas por la Policía de Misiones en lo que va del 2022. \r\n<br><br>\r\nEsta actualización es parte de un esfuerzo permanente por capacitar a trabajadores públicos en las desigualdades de género con los datos más actualizados y fehacientes posibles.\r\n<br><br>\r\n<a href=\"https://docs.google.com/presentation/d/15Md4PxDNU0T0YcsQX-0AIp5EZhiZakgF/edit?usp=sharing&ouid=111515062747526524559&rtpof=true&sd=true\" target=\"_blank\">Presentación de Ley Micaela</a>.', 'https://i.postimg.cc/YS9SgR97/capacitacion-ley-micaela-2022.png'),
(31, 'Primer Informe del Relevamiento de Personas Trans de Misiones', 3, '2022-08-26', 'En el marco del Observatorio de Violencia Familiar y de Género, junto con al Instituto de Estadística y Censos de Misiones  (IPEC) y el Ministerio de Trabajo de Misiones, presentamos el Primer Informe del Relevamiento de Personas Trans de Misiones.\r\n<br><br>\r\n\r\nEl objetivo del Relevamiento es conocer la situación de las personas trans en materia de salud, educación, trabajo, vivienda, acceso a la justicia, etc.\r\n<br><br>\r\n\r\nEste informe corresponde a la población trans relevada hasta Julio de 2021. En esta etapa, se relevaron 123 personas trans en toda la provincia. \r\n<br><br>\r\n\r\nAl tratarse de poblaciones ocultas, se optó por utilizar el método de Markov para su relevamiento. Éste consiste en que cada una de las personas entrevistadas iniciales reporta el contacto de otras tres personas. A su vez, esas tres personas vuelven a reportar otras tres y así sucesivamente.\r\n<br><br>\r\n\r\n\r\nPonemos a disposición el informe completo para su descarga <a href=\"https://drive.google.com/file/d/1pJNRTatDfFuqosbvEsnPVj1gf084e2mY/view?usp=sharing\" target=\"_blank\">clickeando aquí</a> .\r\n<br><br>', 'https://i.postimg.cc/yNpWV7bQ/informe-preliminar.jpg'),
(32, 'Informe sobre Violencia Familiar', 3, '2022-10-14', 'Informe sobre Violencia Familiar\r\n<br> <br>\r\n\r\nEl Observatorio de Violencia Familiar y de Género de Misiones, en conjunto con el Instituto Provincial de Estadística y Censos, presentan el Informe sobre Violencia Familiar\r\n<br> <br>\r\nEl presente informe hace un recorrido exhaustivo de las características que definen esta problemática, las especificidades propias de la dinámica familiar, los tipos de violencia que pueden afectarla y sugerencias sobre cómo intervenir en distintos tipos de conflicto.\r\n<br> <br>\r\n\r\nPonemos a disposición el informe completo para su descarga <a href=\"https://drive.google.com/file/d/1N91PBl_NsbjUqG-9vInLy6mB5o8yIwc0/view?usp=sharing\" target=\"_blank\">clickeando aquí</a> .\r\n<br><br>\r\n', 'https://i.postimg.cc/Y0LqFBjN/Informe-Violencia-familiar-Octubre-2022.jpg'),
(33, 'El Observatorio de Violencia Familiar y de Género celebró 50 capacitaciones en Ley Micaela', 1, '2022-10-20', 'No podemos creer lo rápido que pasó el tiempo desde que asumimos el compromiso de hacer llegar la perspectiva de género a todos los poderes del Estado Provincial.\r\n<br><br>\r\nCada vez que brindamos una capacitación, Micaela García y todas las víctimas de la violencia patriarcal están presenten en nuestros corazones y nos dan fuerza para continuar con esta tarea.\r\n<br><br>\r\nCada encuentro es un desafío distinto. Somos conscientes de que la cultura patriarcal está muy arraigada en todos los ámbitos y el Estado no es excepción, pero nos alienta contar con una herramienta con la cual poner en cuestionamiento estas prácticas. \r\nTanto el Estado como la sociedad necesitan contemplar todas las situaciones, por más pequeñas que parezcan, desde una perspectiva de género. \r\n<br><br>\r\nEs con esta mirada que podemos poner en evidencia las desigualdades y violencias estructurales que afectan a feminidades y diversidades. Necesitamos deconstruir la violencia tan naturalizada para llegar antes de su máxima expresión: los femicidios, transfemicidios y transhomicidios.\r\n<br><br>\r\n', 'https://i.postimg.cc/MGkhCqwC/50-capacitaciones.jpg'),
(34, 'Firma de convenio con la Comisión Provincial de Prevención de la Tortura ', 1, '2022-10-20', 'En el marco del Observatorio de Violencia Familiar y de Género de Misiones, el 28 de septiembre se firmó un Convenio de colaboración, capacitación y formación recíproca con la Comisión Provincial de Prevención de la Tortura de Misiones \r\n<br><br>\r\nEl objetivo de este acuerdo es llevar adelante acciones conjuntas para prevenir y erradicar la tortura en Misiones como ser: \r\n<br><br>\r\nPor un lado, la intervención en conjunto de visitas a espacios de detención como comisarías o unidades penales. Y por otro, llevar a cabo actividades y eventos de capacitación en temas de Violencia Institucional y Derechos Humanos.\r\n<br><br>', 'https://i.postimg.cc/k5qdVqHx/convenio-prevencion-tortura.jpg'),
(35, 'Reunión en el marco de la Iniciativa Spotlight', 1, '2022-10-20', 'La Responsable del Área de Diversidad del Observatorio de Violencia Familiar y de Género de Misiones Nazarena Fleitas  se reunió con la especialista de programa del Fondo de Población de las Naciones Unidas (UNFPA) Victoria Vaccaro, la Mag. Cristina Forneron y la Lic. Laura García, consultoras del programa.\r\n<br><br>\r\nEn el marco del UNFPA, se lleva a cabo en el país la Iniciativa Spotlight (una alianza entre Naciones Unidas y la Unión Europea) que busca erradicar la violencia por motivos de género. \r\n<br><br>\r\nEn conjunto con el Ministerio de las Mujeres, Géneros y Diversidad de la Nación, las especialistas están elaborando un diagnóstico sobre las especificidades de la violencia sexual a través de entrevistas a víctimas de este tipo de violencias con el foco en las provincias de Misiones, Jujuy, Salta, Tucumán y Buenos Aires.\r\n<br><br>\r\nEl objetivo de este trabajo es desarrollar herramientas para mejorar la atención y servicios disponibles para mujeres y personas LGBTIQ+ mayores de 18 que hayan sufrido este tipo de violencia.\r\n<br><br>\r\nNazarena hizo hincapié en los avances logrados en la provincia en materia de género, la importancia del Relevamiento Permanente de Personas Trans y el acompañamiento para que esta comunidad pueda gozar de todos sus derechos.\r\n<br><br>', 'https://i.postimg.cc/TPdYzVTM/reunion-spotlight.jpg'),
(36, 'Participación de la Responsable del Área de Diversidad en el XIX Simposio Científico de Fundación Huésped', 1, '2022-10-20', 'Desde 2003, Fundación Huésped lleva a cabo anualmente el Simposio Científico en el que referentes del campo de la salud nacionales e internacionales presentan y debaten los últimos avances científicos en materia de salud, derechos sexuales y reproductivos. \r\n<br><br>\r\nEn la edición de este año, el foco estuvo puesto en los efectos de la pandemia por Covid-19 atravesada a nivel global durante los últimos dos años. Los retrocesos en materia de salud en Argentina se hicieron más evidentes durante este período, sobre todo para las poblaciones más vulneradas. El faltante de medicamentos para personas con VIH motivó a la población a demandar una respuesta urgente y visibilizar la necesidad de un nuevo paradigma legislativo. Como resultado, en junio de este año fue sancionada la nueva Ley de VIH, Hepatitis Virales, Tuberculosis e Infecciones de Transmisión Sexual (N°27.675). <br>\r\nEntre sus avances en contra de la discriminación, cabe mencionar la prohibición de “la oferta y la realización de la prueba diagnóstica de VIH, hepatitis virales y otras ITS en los exámenes médicos preocupacionales, como así también durante el transcurso y como parte de la relación laboral. Las ofertas de empleo no podrán contener restricciones por estos motivos” (Art. 8).\r\n<br><br>\r\nEn nuestra participación de la mesa del NEA, Nazarena se explayó en los avances logrados en Misiones en capacitación, acompañamiento, salud y educación de la población trans. <br>\r\nSi bien la provincia no adhirió formalmente a la Ley 27.636, ya cuenta con más de 30 personas trans en puestos del Estado Provincial y se está trabajando para que todxs puedan tener acceso a las cirugías de reafirmación de género gratuitas. <br>\r\nAdemás, resaltó el esfuerzo del Observatorio de Violencia Familiar y de Género en conjunto con otros organismos, por brindar capacitaciones continuas a todos los niveles y jerarquías del Estado y privados en Ley Micaela (N°27.499) y en la Ley de Identidad de Género. <br>\r\nEn esta misma línea, explicó la relevancia y el funcionamiento del Relevamiento Continuo de la Población Trans, siendo la primera provincia en el país en lanzar un informe que refleje su situación en todos los ámbitos de la vida.<br><br>', 'https://i.postimg.cc/zGc8c92W/simposio-cientifico.jpg'),
(37, 'Registro de Actuaciones Judiciales - Abril 2022', 3, '2022-11-11', 'Junto con el Instituto Provincial de Estadística y Censos (IPEC), la Línea 137 y la Subsecretaría de Relaciones con la comunidad y violencia, el Observatorio de Violencia Familiar y de Género de Misiones presenta el Informe sobre el Registro de Actuaciones Judiciales que comprende el periodo de Abril del 2021 a Abril del 2022.\r\n<br><br>\r\nPonemos a disposición el informe completo para su descarga <a href=\"https://drive.google.com/file/d/1q39Jo5JKj45SnURfWuZ0Ddy_J4Teg9k0/view?usp=sharing\" target=\"_blank\">clickeando aquí</a> .\r\n<br><br>\r\n', 'https://i.postimg.cc/DyPWYVTw/Actuaciones-judiciales.jpg'),
(38, 'Informe sobre Violencia de género', 3, '2023-01-11', 'El presente informe trata acerca de la temática <b>“Violencia de Género”</b>, en el cual se desarrollará su etimología, su proveniencia, el por qué se utiliza la terminología violencia de género para  hacer mención a la violencia contra la mujer y el feminismo en relación con la misma.\r\n<br><br>\r\nAdemás, se explica la normalización de las conductas de aquellas personas que se encuentran viviendo \r\nen situación de violencia y qué mantiene este círculo de violencia, acompañado de las leyes \r\nque protegen a la Mujer.\r\n<br><br>\r\nEste reporte es el segundo de una serie de informes referidos a la profundización conceptual \r\nde los tipos y modalidades de violencia, como ser: familiar, género, institucional, laboral, \r\ncontra la libertad reproductiva, obstétrica, mediática, en el espacio público y en el ámbito \r\nvirtual.\r\n<br><br>\r\nPonemos a disposición el informe completo para su descarga <a href=\"https://drive.google.com/file/d/1fu6zoOUxR89Mi6oSyx-8QQfoNjNH3SYm/view?usp=sharing\" target=\"_blank\">clickeando aquí</a> \r\n', 'https://i.postimg.cc/Nftb7BML/Informe-de-violencia-noviembre-2022.jpg'),
(39, 'Informe sobre diversidad sexual', 3, '2023-01-23', 'El presente informe trata de la temática “Diversidad Sexual” y los aspectos necesarios para lograr la comprensión de este término en su forma global; de esta manera también se desarrollará términos como sexo, género, rol de género, identidad de género, el trato digno, acerca de la composición del acrónimo LGTBI y el significado de sus siglas, el derecho a la Identidad de género de las personas, discriminación en el ámbito laboral, la transfobia, y se nombrará al transodio.\r\n\r\n<br><br>\r\nPonemos a disposición el informe completo para su descarga <a href=\"https://drive.google.com/file/d/1Y2hyuDnle9vf_EhnzvzOjvHa-65-iCph/view?usp=share_link\" target=\"_blank\">clickeando aquí</a> ', 'https://i.postimg.cc/jq3SBszJ/diversidad-sexual.jpg'),
(40, 'Informe sobre Violencia Simbólica ', 3, '2023-03-02', 'El presente informe trata acerca de la <b>Violencia simbólica</b> junto a diferentes aspectos que la compone, desde, qué se entiende por esta, qué es, cómo se ejerce y si la familia puede ser un espacio en donde se genere y reproduzca este tipo de violencia.\r\n<br><br>\r\nPonemos a disposición el informe completo para su descarga <a href=\"https://drive.google.com/file/d/1bMHd4JNl2cxyDb80trFNEnTzFRDb5yP9/view?usp=share_link\" target=\"_blank\">clickeando aquí</a> \r\n<br><br>\r\n', 'https://i.postimg.cc/ZnvMXs6N/VIOLENCIA-SIMB-LICA.jpg'),
(41, 'INFORME SOBRE LAS DENUNCIAS POR VIOLENCIA FAMILIAR Y DE GÉNERO RECIBIDAS POR LA POLICÍA DE LA PROVINCIA DE MISIONES 2021', 3, '2023-03-06', 'En el presente informe se exponen los resultados del procesamiento, sistematización y análisis de los datos obtenidos a partir de las denuncias recibidas por la policía de la provincia de Misiones, durante el año 2021.\r\n<br>\r\n El operativo en cuestión se enmarca bajo el Observatorio de Violencia Familiar y Género, que tiene como objeto desarrollar un sistema de información permanente, con la finalidad de fomentar el diseño, implementación, monitoreo de políticas públicas y estrategias tendientes a la identificación, tratamiento integral, prevención y erradicación de la violencia familiar y de género. Además, organizar la recolección y sistematización de información conceptual, permanente y conocimiento basado en el monitoreo, recopilación, registro, estudio, análisis y difusión de datos sobre casos de violencia familiar y de género.\r\n <br><br>\r\n <ul class=\"texto_ext lista_org\">\r\n  <li>En el año 2021 se registraron 23.594 denuncias, lo que implica un promedio mensual de 1.966 denuncias. En relación a los casos registrados en 2020, que fueron 22.254, hubo un aumento del 6,0% en las denuncias presentadas.</li>\r\n  <li>Es importante destacar que no hay datos para la totalidad de casos en todas las variables analizadas, ya que hay respuestas en donde no se sabe o se decide no responder.</li>\r\n </ul>\r\n<br><br>\r\nPonemos a disposición el informe completo para su descarga <a href=\"https://drive.google.com/file/d/102TsqlXY-XnzJWB6vtLLNdkDwT4kJAwc/view?usp=sharing\" target=\"_blank\">clickeando aquí</a> \r\n<br><br>', 'https://i.postimg.cc/MG08PjnF/Informe-Violencia-2021.jpg'),
(42, 'Solicitud de capacitación sobre tipos de violencia', 1, '2023-04-04', 'El Observatorio de Violencia Familiar y de Género continuará en el ciclo lectivo 2023 con las capacitaciones en las escuelas correspondientes a toda la Provincia, en donde se abordará las tematicas de:\r\n<br>\r\n<ul class=\"texto_ext lista_org\">\r\n    <li>Violencia de género.</li>\r\n    <li>Bullying</li>\r\n    <li>Violencia Familiar</li>\r\n    <li>Adicciones</li>\r\n    <li>Conceptualizaciones y tópicos de violencia.</li>\r\n    <li>Diversidad </li>\r\n</ul>\r\n<br>\r\n<p class=\"texto_ext lista_org\">Al inscribirse se podrá seleccionar un módulo por vez, en caso de que la escuela quiera abordar más de uno, puede volver a completar una nueva solicitud.</p>\r\n<p class=\"texto_ext lista_org\">Las Instituciones educativas que deseen recibir esta capacitación podrán inscribirse en el siguiente formulario de solicitud:</p>\r\n<br><br>\r\n<iframe src=\"https://docs.google.com/forms/d/e/1FAIpQLSe9KW_XzLFJdqUJIQq_3b2DSpI783wNvQcYWJLbOjX5Nyuw_A/viewform?embedded=true\" width=\"100%\" height=\"1747\" frameborder=\"0\" marginheight=\"0\" marginwidth=\"0\">Cargando…</iframe>\r\n<br><br>\r\n', 'https://i.postimg.cc/MTs2p4G4/Solicitud-Capacitaci-n.jpg'),
(43, 'Informe sobre Violencia Institucional ', 3, '2023-06-01', 'El presente informe trata acerca de la <b>Violencia Institucional</b> se desarrollará su etimología,\r\ndefinición y qué entendemos por la misma.Además, se explicarán las diversas formas de\r\nviolencia institucional relevadas y caracterizadas, así como su relación con la violencia\r\nsimbólica y la violencia estructural; finalizando con el impacto de esta modalidad de\r\nviolencia y sus posibles soluciones.\r\n<br><br>\r\nEste documento es el octavo de una serie de informes referidos a la profundización\r\nconceptual de los tipos y modalidades de violencia, como ser: familiar, de género,\r\ninstitucional, laboral, contra la libertad reproductiva, obstétrica, mediática, en el espacio\r\npúblico y en el ámbito virtual.\r\n<br><br>\r\nPonemos a disposición el informe completo para su descarga <a href=\"https://drive.google.com/file/d/1wIbFxguhdMJt9J-jRGd7Qm_ONz7KLq1D/view?usp=sharing\" target=\"_blank\">clickeando aquí</a> \r\n<br><br>', 'https://i.postimg.cc/QMLrPgMV/Violencia-institucional.jpg'),
(44, 'Informe sobre Violencia Mediática', 3, '2023-06-16', 'El presente informe trata sobre la “Violencia Mediática”, abordando su conceptualización, cómo inicia la violencia mediática, los contenidos mediáticos, la alfabetización mediática, los medios masivos de comunicación.\r\n<br><br>\r\nAdemás, se desarrollará su relación con la libertad de expresión, su relación con la violencia simbólica y la resiliencia.\r\n\r\n<br><br>\r\nPonemos a disposición el informe completo para su descarga <a href=\"https://drive.google.com/file/d/1XcyHSE1iqj1jZlYWbvQlIJ7Sj1FAgJiz/view?usp=sharing\" target=\"_blank\">clickeando aquí</a> \r\n<br><br>', 'https://i.postimg.cc/Kzyb55z1/violencia-mediatica.jpg'),
(45, 'Premios Marta Irene Coronel de Sawaya. Edición 2023  ', 4, '2023-08-16', '¡Ya está vigente la postulación a los PREMIOS MARTA IRENE CORONEL DE SAWAYA! \r\nLas mismas se pueden realizar a través de <a href=\"https://hcdposadas.gob.ar/premios-sawaya-2023/#\">https://hcdposadas.gob.ar/premios-sawaya-2023/#</a> \r\n<br><br>\r\n<p class=\"texto_ext\">La etapa de postulaciones van desde el 1 al 21 de agosto (extendimos unos días más) pero está bueno hacerlo ni bien se te ocurra alguna persona</p> \r\n<br><br>\r\n<p class=\"texto_ext\">Los premios Marta Irene Coronel de Sawaya son un reconocimiento a personas que promueven los derechos de las mujeres y colectivo LGTBIQ+, \r\nconstituye un estímulo para contribuir a la remoción de patrones socioculturales que sostienen la desigualdad de género y promover así la no discriminación e igualdad de oportunidades en la ciudad de Posadas.</p>\r\n<br><br>', 'https://i.postimg.cc/2yRWk0R7/Premio-marta-irene-coronel.jpg'),
(46, 'Informe sobre violencia en la vía pública y acoso callejero', 3, '2023-09-19', 'El presente informe trata acerca de la temática “Violencia en la vía pública”, en el cual se desarrollará su etimología, y qué entendemos por violencia ambiental o violencia en la vía pública.\r\n<br><br>\r\nAdemás, se explica la normalización de las conductas de aquellas personas que se encuentran viviendo en situación de violencia, junto al marco que abarca la violencia en la vía pública y el acoso callejero. También se desarrollarán tópicos sobre cómo los hombres sufren violencia en el espacio público o lo conocido como acoso callejero, vidriosa masculinidad y masculinidad tóxica.\r\n<br><br>\r\nEste informe es el séptimo de una serie de informes referidos a la profundización conceptual de los tipos y modalidades de violencia, como ser: familiar, género, institucional, laboral, contra la libertad reproductiva, obstétrica, mediática, en el espacio público y en el ámbito virtual.\r\n<br><br>\r\nPonemos a disposición el informe completo para su descarga <a href=\"https://drive.google.com/file/d/1GsLeY7MjgmWroOo1ti854HKl7gBFbHJB/view?usp=sharing\" target=\"_blank\">clickeando aquí</a> \r\n<br><br>', 'https://i.postimg.cc/tJfZ1KX4/violencia-via-publica-y-acoso-callejero.jpg'),
(47, 'Importante trabajo de asistencia entre la Polícia Provincial y la Subsecretaría de Relaciones con la Comunidad', 4, '2023-10-26', 'Importante trabajo de asistencia entre la Polícia Provincial y la Subsecretaría de Relaciones con la Comunidad, donde funciona la línea 137 y se brinda contención psicológica , acompañamiento y asesoramiento legal \r\n<br><br>\r\nMira los testimonios de mujeres víctimas de violencia  que recibieron amor , acompañamiento y asistencia\r\n<br><br>\r\n<iframe width=\"100%\" height=\"350xp\" src=\"https://www.youtube.com/embed/lEtk94rnBY8?si=Pjxp4xtDg0uc8BpY\" title=\"YouTube video player\" frameborder=\"0\" allow=\"accelerometer; autoplay; clipboard-write; encrypted-media; gyroscope; picture-in-picture; web-share\" allowfullscreen></iframe>', 'https://i.postimg.cc/vTLzk81m/politicas-publicas-accionan-a-favor.jpg'),
(48, 'Comienza el juicio por el femicidio de Antonella Bernhardt', 2, '2023-11-02', 'El 6 de noviembre comenzará el juicio por el femicidio de la joven que fue asesinada dentro de su casa en el barrio El Brete de Posadas. Será hasta el 10 de noviembre, donde Cristian Daniel Vargas enfrentará los cargos como el principal acusado.\r\n<br><br>\r\nRecorda como fueron los hechos y detalles del juicio  <a href=\"https://economis.com.ar/la-familia-confirmo-que-comienza-el-juicio-por-el-femicidio-de-antonella-bernhardt/\"><b>clickeando aquí</b></a> \r\n<br><br>', 'https://i.postimg.cc/sgGstyzZ/niunamenos.jpg'),
(49, 'Informe  sobre el resultado de procesamientos de las denuncias por violencia familiar y de género', 3, '2023-11-30', 'El Observatorio de Violencia Familiar y de Género de Misiones presenta el Informe  sobre el resultado de procesamientos de las denuncias por violencia familiar y de género recibidas por la policia de la Provincia de Misiones. Año 2022.\r\n<br><br>\r\nPonemos a disposición el informe completo para su descarga <a href=\"https://drive.google.com/file/d/14XpFxsJNZtJp7ykJLgP-_TXvHgu-b2hm/view?usp=sharing\" target=\"_blank\">clickeando aquí</a> \r\n<br><br>', 'https://i.postimg.cc/TPJMq5RP/Informe-Violencia-2022-definitivo.png'),
(50, 'Primer primer informe sobre las personas LGTBQ+', 3, '2024-03-06', 'Primer primer informe sobre las personas LGTBQ+ alojadas en las Unidades Penitenciarias de la Provincia de Misiones en un trabajo en conjunto  entre  el Área de Diversidad del Observatorio Familiar y de Género de  la Provincia, y la  Comisión Provincial de  Prevención de la Tortura<br><br>\r\nPonemos a disposición el informe completo para su descarga <a href=\"https://drive.google.com/file/d/1cTiQD0vAIpGiAPSmx7HgZjW6eAY-IiIP/view?usp=sharing\" target=\"_blank\">clickeando aquí</a> ', 'https://i.postimg.cc/XvF1t0s0/Primer-relev-LGTBIQ.jpg'),
(51, 'Violencia Psicológica', 3, '2024-03-06', 'El presente informe trata acerca de la temática “Violencia psicológica”, en el cual se desarrollará su etimología, junto a como es comprendida en la habitualidad. Además, se explica la normalización de las conductas de aquellas personas que se encuentran viviendo en situación de violencia y el Efecto Lake Wobegon.\r\n<br><br>\r\nPonemos a disposición el informe completo para su descarga <a href=\"https://drive.google.com/file/d/1hl1S3wV4PHDdxkH_MVDguCgHwpPgE4_5/view?usp=sharing\" target=\"_blank\">clickeando aquí</a> ', 'https://i.postimg.cc/8z6PXtrr/violencia-psicologica.jpg'),
(52, 'Informe de la situación actual de la mujer a nivel provincial', 3, '2024-03-08', 'Informe de la situación actual de la mujer a nivel provincial en base a datos del Instituto Nacional de Estadística y Censos (INDEC) y del Ministerio de Salud de la Provincia de Misiones.\r\n<br>\r\n<p class=\"texto_ext\">A partir de la disponibilidad de los microdatos de la Encuesta Permanente de Hogares (EPH-INDEC-IPEC), y su posterior procesamiento y análisis, se construyeron indicadores socioeconómicos y laborales que describen a la mujer en el aglomerado\r\nPosadas.</p>\r\n<br><br>\r\n<p class=\"texto_ext\">Por último, se presenta información acerca de la distribución de ingreso y sus respectivas brechas; además de la pobreza en los hogares del aglomerado Posadas, distinguiendo siempre por sexo.<br><br>\r\n</p>\r\n<br><br>\r\nPonemos a disposición el informe completo para su descarga <a href=\"https://drive.google.com/file/d/1e2G67bAoXSFJGLxXJLp74Xqe9BMIepUa/view?usp=sharing\" target=\"_blank\">clickeando aquí</a> \r\n\r\n<br><br>', 'https://i.postimg.cc/MKw4rxhG/informe-de-genero.jpg'),
(53, 'SEGUNDO CORTE DEL INFORME PERMANENTE DEL RELEVAMIENTO TRANS', 3, '2024-03-22', 'En el presente informe se exponen los resultados obtenidos del procesamiento, y análisis de los datos de la encuesta a la población trans de la provincia de Misiones, la cual fue realizada por el Observatorio de Violencia Familiar y de Género de la provincia de Misiones, desde noviembre del año 2020 a junio 2023.\r\n<br><br>\r\n<p class=\"texto_ext\">Los indicadores que surgen de la encuesta hacen referencia a la identidad de la población trans, y al acceso que estos tienen a los bienes y servicios de la sociedad. Se aborda las siguientes características: identidad de género; acceso a los servicios públicos; características del hábitat; régimen de tenencia de la vivienda; educación; salud; condiciones laborales; discriminación; y ocio.\r\n</p> <br><br>\r\n<p class=\"texto_ext\">Ponemos a disposición el informe completo para su descarga <a href=\"https://drive.google.com/file/d/1P42__ozOuzAtpMxK9MNEuHpPyo1EazWK/view?usp=drive_link\" target=\"_blank\">clickeando aquí</a> </p><br><br>\r\n', 'https://i.postimg.cc/GtrFvK4M/segundo-corte-informe-trans.jpg'),
(54, 'Convenio entre el Honorable Concejo Deliberante de Garupá y el Observatorio de Violencia Familiar y de Género de la Provincia', 1, '2024-05-29', 'La representante del Observatorio y Directora Ejecutiva del Instituto de Estadística y Censo Cra. Silvana Dea Labat y el Presidente del Honorable Concejo Deliberante Miguel Alejandro Rauber acordaron suscribir el Convenio de Colaboración: \r\n<br>\r\n<p class=\"texto_ext\">El convenio consiste en que los datos del Observatorio puedan ser utilizados como herramientas para el diseño y promoción de políticas públicas tendientes a modificar el escenario en relación a las problemáticas referidas a la violencia de género \r\nAlgunas de las finalidades establecidas son </p>\r\n<br><br>\r\n<ul class=\"texto_ext sub_ext\">\r\n    <li>Implementar acciones y actividades tendientes a prevenir y disminuir la cantidad de casos registrados de manera periódica.</li>\r\n    <li>Identificar temas y problemas relevantes para la agenda pública y proponer actividades de capacitación destinadas a funcionarios/as que, en razón del ejercicio de sus cargos, tengan contacto con víctimas de violencia de género. </li>\r\n    <li>Crear y mantener una red de información y difundir a la ciudadanía los datos relevados. </li>\r\n</ul>\r\n<br>\r\n<p class=\"texto_ext\">Creemos que el trabajo en colaboración entre distintos organismos que atienden la problemática ayuda en la prevención y erradicación de las violencias de género.</p>\r\n<br><br>', 'https://i.postimg.cc/ryD3V0Xs/convenio-con-garupa.jpg');

-- --------------------------------------------------------

--
-- Estructura de tabla para la tabla `resultado_tests`
--

CREATE TABLE `resultado_tests` (
  `id` int(11) NOT NULL,
  `genero` varchar(20) NOT NULL,
  `edad` int(11) NOT NULL,
  `categoria` varchar(20) NOT NULL,
  `tipo_test` varchar(50) NOT NULL
) ENGINE=InnoDB DEFAULT CHARSET=utf8mb4;

--
-- Volcado de datos para la tabla `resultado_tests`
--

INSERT INTO `resultado_tests` (`id`, `genero`, `edad`, `categoria`, `tipo_test`) VALUES
(1, 'varon', 33, 'Alto', 'Autoestima'),
(2, 'mujer', 66, 'Alto', 'Impulsividad'),
(3, 'varon', 99, 'Bajo', 'Autoestima'),
(4, 'varon', 33, 'Bajo', 'Autoestima'),
(5, 'varontrans', 25, 'Bajo', 'Impulsividad'),
(6, 'varon', 4, 'Bajo', 'Autoestima'),
(7, 'mujer', 22, 'Bajo', 'Autoestima'),
(8, 'mujer', 33, 'Bajo', 'Autoestima'),
(9, 'mujer', 66, 'Bajo', 'Autoestima'),
(10, 'varon', 25, 'Bajo', 'Autoestima'),
(11, 'varon', 25, 'Muy Alto', 'Autoestima'),
(12, 'varontrans', 32, 'Bajo', 'Autoestima'),
(13, 'varon', 45, 'Muy Alto', 'Autoestima'),
(14, 'mujer', 77, 'Muy Alto', 'Autoestima'),
(15, 'mujer', 88, 'Muy Alto', 'Autoestima'),
(16, 'mujer', 99, 'Alto', 'Autoestima');

-- --------------------------------------------------------

--
-- Estructura de tabla para la tabla `secciones`
--

CREATE TABLE `secciones` (
  `ID_secciones` int(11) NOT NULL,
  `nombre` varchar(15) NOT NULL
) ENGINE=InnoDB DEFAULT CHARSET=utf8;

--
-- Volcado de datos para la tabla `secciones`
--

INSERT INTO `secciones` (`ID_secciones`, `nombre`) VALUES
(1, 'Actividades'),
(2, 'Artículos'),
(3, 'Informes'),
(4, 'Medios'),
(5, 'Recursos');

--
-- Índices para tablas volcadas
--

--
-- Indices de la tabla `agenda`
--
ALTER TABLE `agenda`
  ADD PRIMARY KEY (`ID_agenda`);

--
-- Indices de la tabla `noticias`
--
ALTER TABLE `noticias`
  ADD PRIMARY KEY (`ID_noticias`),
  ADD KEY `seccion` (`seccion`),
  ADD KEY `seccion_2` (`seccion`),
  ADD KEY `seccion_3` (`seccion`),
  ADD KEY `seccion_4` (`seccion`),
  ADD KEY `seccion_5` (`seccion`);

--
-- Indices de la tabla `resultado_tests`
--
ALTER TABLE `resultado_tests`
  ADD PRIMARY KEY (`id`);

--
-- Indices de la tabla `secciones`
--
ALTER TABLE `secciones`
  ADD PRIMARY KEY (`ID_secciones`);

--
-- AUTO_INCREMENT de las tablas volcadas
--

--
-- AUTO_INCREMENT de la tabla `agenda`
--
ALTER TABLE `agenda`
  MODIFY `ID_agenda` int(11) NOT NULL AUTO_INCREMENT, AUTO_INCREMENT=7;

--
-- AUTO_INCREMENT de la tabla `noticias`
--
ALTER TABLE `noticias`
  MODIFY `ID_noticias` int(11) NOT NULL AUTO_INCREMENT, AUTO_INCREMENT=102;

--
-- AUTO_INCREMENT de la tabla `resultado_tests`
--
ALTER TABLE `resultado_tests`
  MODIFY `id` int(11) NOT NULL AUTO_INCREMENT, AUTO_INCREMENT=17;

--
-- AUTO_INCREMENT de la tabla `secciones`
--
ALTER TABLE `secciones`
  MODIFY `ID_secciones` int(11) NOT NULL AUTO_INCREMENT, AUTO_INCREMENT=6;

--
-- Restricciones para tablas volcadas
--

--
-- Filtros para la tabla `noticias`
--
ALTER TABLE `noticias`
  ADD CONSTRAINT `noticias_ibfk_1` FOREIGN KEY (`seccion`) REFERENCES `secciones` (`ID_secciones`);
COMMIT;

/*!40101 SET CHARACTER_SET_CLIENT=@OLD_CHARACTER_SET_CLIENT */;
/*!40101 SET CHARACTER_SET_RESULTS=@OLD_CHARACTER_SET_RESULTS */;
/*!40101 SET COLLATION_CONNECTION=@OLD_COLLATION_CONNECTION */;
